path,label,type,filename
C:\Users\guest user\Desktop\deepfake\data\Deepfakes\241_210.mp4,1,fake,241_210.mp4
C:\Users\guest user\Desktop\deepfake\data\original\654.mp4,0,real,654.mp4
C:\Users\guest user\Desktop\deepfake\data\original\946.mp4,0,real,946.mp4
C:\Users\guest user\Desktop\deepfake\data\Deepfakes\12_13__podium_speech_happy__BFH4F0N8.mp4,1,fake,12_13__podium_speech_happy__BFH4F0N8.mp4
C:\Users\guest user\Desktop\deepfake\data\original\094.mp4,0,real,094.mp4
C:\Users\guest user\Desktop\deepfake\data\Deepfakes\206_221.mp4,1,fake,206_221.mp4
C:\Users\guest user\Desktop\deepfake\data\original\486.mp4,0,real,486.mp4
C:\Users\guest user\Desktop\deepfake\data\original\958.mp4,0,real,958.mp4
C:\Users\guest user\Desktop\deepfake\data\Deepfakes\25_02__walking_outside_cafe_disgusted__Z7FQ69VP.mp4,1,fake,25_02__walking_outside_cafe_disgusted__Z7FQ69VP.mp4
C:\Users\guest user\Desktop\deepfake\data\original\151.mp4,0,real,151.mp4
C:\Users\guest user\Desktop\deepfake\data\Deepfakes\408_424.mp4,1,fake,408_424.mp4
C:\Users\guest user\Desktop\deepfake\data\original\484.mp4,0,real,484.mp4
C:\Users\guest user\Desktop\deepfake\data\Deepfakes\13_09__walking_down_indoor_hall_disgust__3GQ49P2J.mp4,1,fake,13_09__walking_down_indoor_hall_disgust__3GQ49P2J.mp4
C:\Users\guest user\Desktop\deepfake\data\Deepfakes\602_397.mp4,1,fake,602_397.mp4
C:\Users\guest user\Desktop\deepfake\data\Deepfakes\224_197.mp4,1,fake,224_197.mp4
C:\Users\guest user\Desktop\deepfake\data\Deepfakes\14_18__podium_speech_happy__0YRBHIKG.mp4,1,fake,14_18__podium_speech_happy__0YRBHIKG.mp4
C:\Users\guest user\Desktop\deepfake\data\original\609.mp4,0,real,609.mp4
C:\Users\guest user\Desktop\deepfake\data\original\371.mp4,0,real,371.mp4
C:\Users\guest user\Desktop\deepfake\data\original\847.mp4,0,real,847.mp4
C:\Users\guest user\Desktop\deepfake\data\Deepfakes\031_163.mp4,1,fake,031_163.mp4
C:\Users\guest user\Desktop\deepfake\data\Deepfakes\09_07__kitchen_pan__N9CWME71.mp4,1,fake,09_07__kitchen_pan__N9CWME71.mp4
C:\Users\guest user\Desktop\deepfake\data\original\578.mp4,0,real,578.mp4
C:\Users\guest user\Desktop\deepfake\data\Deepfakes\724_725.mp4,1,fake,724_725.mp4
C:\Users\guest user\Desktop\deepfake\data\original\814.mp4,0,real,814.mp4
C:\Users\guest user\Desktop\deepfake\data\Deepfakes\02_04__podium_speech_happy__8CH7R4LW.mp4,1,fake,02_04__podium_speech_happy__8CH7R4LW.mp4
C:\Users\guest user\Desktop\deepfake\data\Deepfakes\371_367.mp4,1,fake,371_367.mp4
C:\Users\guest user\Desktop\deepfake\data\original\768.mp4,0,real,768.mp4
C:\Users\guest user\Desktop\deepfake\data\original\764.mp4,0,real,764.mp4
C:\Users\guest user\Desktop\deepfake\data\Deepfakes\713_726.mp4,1,fake,713_726.mp4
C:\Users\guest user\Desktop\deepfake\data\Deepfakes\14_03__outside_talking_still_laughing__KJ221YN0.mp4,1,fake,14_03__outside_talking_still_laughing__KJ221YN0.mp4
C:\Users\guest user\Desktop\deepfake\data\original\131.mp4,0,real,131.mp4
C:\Users\guest user\Desktop\deepfake\data\original\665.mp4,0,real,665.mp4
C:\Users\guest user\Desktop\deepfake\data\original\583.mp4,0,real,583.mp4
C:\Users\guest user\Desktop\deepfake\data\original\857.mp4,0,real,857.mp4
C:\Users\guest user\Desktop\deepfake\data\original\300.mp4,0,real,300.mp4
C:\Users\guest user\Desktop\deepfake\data\original\379.mp4,0,real,379.mp4
C:\Users\guest user\Desktop\deepfake\data\original\786.mp4,0,real,786.mp4
C:\Users\guest user\Desktop\deepfake\data\Deepfakes\18_12__outside_talking_pan_laughing__IKH1LBBY.mp4,1,fake,18_12__outside_talking_pan_laughing__IKH1LBBY.mp4
C:\Users\guest user\Desktop\deepfake\data\Deepfakes\592_500.mp4,1,fake,592_500.mp4
C:\Users\guest user\Desktop\deepfake\data\Deepfakes\12_21__outside_talking_still_laughing__J54W3PV1.mp4,1,fake,12_21__outside_talking_still_laughing__J54W3PV1.mp4
C:\Users\guest user\Desktop\deepfake\data\original\651.mp4,0,real,651.mp4
C:\Users\guest user\Desktop\deepfake\data\original\465.mp4,0,real,465.mp4
C:\Users\guest user\Desktop\deepfake\data\original\826.mp4,0,real,826.mp4
C:\Users\guest user\Desktop\deepfake\data\original\103.mp4,0,real,103.mp4
C:\Users\guest user\Desktop\deepfake\data\original\181.mp4,0,real,181.mp4
C:\Users\guest user\Desktop\deepfake\data\original\812.mp4,0,real,812.mp4
C:\Users\guest user\Desktop\deepfake\data\original\217.mp4,0,real,217.mp4
C:\Users\guest user\Desktop\deepfake\data\original\081.mp4,0,real,081.mp4
C:\Users\guest user\Desktop\deepfake\data\Deepfakes\711_681.mp4,1,fake,711_681.mp4
C:\Users\guest user\Desktop\deepfake\data\Deepfakes\03_06__exit_phone_room__1IXGY2FK.mp4,1,fake,03_06__exit_phone_room__1IXGY2FK.mp4
C:\Users\guest user\Desktop\deepfake\data\original\073.mp4,0,real,073.mp4
C:\Users\guest user\Desktop\deepfake\data\Deepfakes\457_398.mp4,1,fake,457_398.mp4
C:\Users\guest user\Desktop\deepfake\data\Deepfakes\11_07__exit_phone_room__PGC20QSY.mp4,1,fake,11_07__exit_phone_room__PGC20QSY.mp4
C:\Users\guest user\Desktop\deepfake\data\Deepfakes\06_18__kitchen_still__XJ76YU5A.mp4,1,fake,06_18__kitchen_still__XJ76YU5A.mp4
C:\Users\guest user\Desktop\deepfake\data\original\549.mp4,0,real,549.mp4
C:\Users\guest user\Desktop\deepfake\data\original\065.mp4,0,real,065.mp4
C:\Users\guest user\Desktop\deepfake\data\original\865.mp4,0,real,865.mp4
C:\Users\guest user\Desktop\deepfake\data\Deepfakes\07_25__walk_down_hall_angry__PAE9HCA8.mp4,1,fake,07_25__walk_down_hall_angry__PAE9HCA8.mp4
C:\Users\guest user\Desktop\deepfake\data\original\067.mp4,0,real,067.mp4
C:\Users\guest user\Desktop\deepfake\data\original\963.mp4,0,real,963.mp4
C:\Users\guest user\Desktop\deepfake\data\Deepfakes\22_24__walking_and_outside_surprised__XL557XC6.mp4,1,fake,22_24__walking_and_outside_surprised__XL557XC6.mp4
C:\Users\guest user\Desktop\deepfake\data\Deepfakes\03_26__kitchen_still__WBSXBL82.mp4,1,fake,03_26__kitchen_still__WBSXBL82.mp4
C:\Users\guest user\Desktop\deepfake\data\Deepfakes\11_21__kitchen_pan__T7DK03O1.mp4,1,fake,11_21__kitchen_pan__T7DK03O1.mp4
C:\Users\guest user\Desktop\deepfake\data\original\758.mp4,0,real,758.mp4
C:\Users\guest user\Desktop\deepfake\data\original\849.mp4,0,real,849.mp4
C:\Users\guest user\Desktop\deepfake\data\original\267.mp4,0,real,267.mp4
C:\Users\guest user\Desktop\deepfake\data\original\837.mp4,0,real,837.mp4
C:\Users\guest user\Desktop\deepfake\data\original\233.mp4,0,real,233.mp4
C:\Users\guest user\Desktop\deepfake\data\original\709.mp4,0,real,709.mp4
C:\Users\guest user\Desktop\deepfake\data\Deepfakes\19_24__walk_down_hall_angry__59PN7WZ2.mp4,1,fake,19_24__walk_down_hall_angry__59PN7WZ2.mp4
C:\Users\guest user\Desktop\deepfake\data\Deepfakes\848_894.mp4,1,fake,848_894.mp4
C:\Users\guest user\Desktop\deepfake\data\original\257.mp4,0,real,257.mp4
C:\Users\guest user\Desktop\deepfake\data\Deepfakes\523_541.mp4,1,fake,523_541.mp4
C:\Users\guest user\Desktop\deepfake\data\Deepfakes\248_232.mp4,1,fake,248_232.mp4
C:\Users\guest user\Desktop\deepfake\data\original\082.mp4,0,real,082.mp4
C:\Users\guest user\Desktop\deepfake\data\original\794.mp4,0,real,794.mp4
C:\Users\guest user\Desktop\deepfake\data\original\736.mp4,0,real,736.mp4
C:\Users\guest user\Desktop\deepfake\data\original\925.mp4,0,real,925.mp4
C:\Users\guest user\Desktop\deepfake\data\Deepfakes\16_17__exit_phone_room__S7UMSIQV.mp4,1,fake,16_17__exit_phone_room__S7UMSIQV.mp4
C:\Users\guest user\Desktop\deepfake\data\original\739.mp4,0,real,739.mp4
C:\Users\guest user\Desktop\deepfake\data\Deepfakes\599_585.mp4,1,fake,599_585.mp4
C:\Users\guest user\Desktop\deepfake\data\Deepfakes\18_06__walking_outside_cafe_disgusted__OWJY9LQU.mp4,1,fake,18_06__walking_outside_cafe_disgusted__OWJY9LQU.mp4
C:\Users\guest user\Desktop\deepfake\data\Deepfakes\09_25__walking_down_street_outside_angry__5041ODBN.mp4,1,fake,09_25__walking_down_street_outside_angry__5041ODBN.mp4
C:\Users\guest user\Desktop\deepfake\data\original\738.mp4,0,real,738.mp4
C:\Users\guest user\Desktop\deepfake\data\original\351.mp4,0,real,351.mp4
C:\Users\guest user\Desktop\deepfake\data\original\714.mp4,0,real,714.mp4
C:\Users\guest user\Desktop\deepfake\data\Deepfakes\20_25__outside_talking_still_laughing__DW2L6D2V.mp4,1,fake,20_25__outside_talking_still_laughing__DW2L6D2V.mp4
C:\Users\guest user\Desktop\deepfake\data\Deepfakes\14_13__walk_down_hall_angry__KMQ3AW6A.mp4,1,fake,14_13__walk_down_hall_angry__KMQ3AW6A.mp4
C:\Users\guest user\Desktop\deepfake\data\original\228.mp4,0,real,228.mp4
C:\Users\guest user\Desktop\deepfake\data\Deepfakes\21_03__kitchen_still__V53E3RVB.mp4,1,fake,21_03__kitchen_still__V53E3RVB.mp4
C:\Users\guest user\Desktop\deepfake\data\Deepfakes\10_24__exit_phone_room__356HPS7R.mp4,1,fake,10_24__exit_phone_room__356HPS7R.mp4
C:\Users\guest user\Desktop\deepfake\data\Deepfakes\27_25__outside_talking_pan_laughing__1KU29EUL.mp4,1,fake,27_25__outside_talking_pan_laughing__1KU29EUL.mp4
C:\Users\guest user\Desktop\deepfake\data\Deepfakes\003_000.mp4,1,fake,003_000.mp4
C:\Users\guest user\Desktop\deepfake\data\Deepfakes\552_851.mp4,1,fake,552_851.mp4
C:\Users\guest user\Desktop\deepfake\data\Deepfakes\594_530.mp4,1,fake,594_530.mp4
C:\Users\guest user\Desktop\deepfake\data\original\002.mp4,0,real,002.mp4
C:\Users\guest user\Desktop\deepfake\data\original\584.mp4,0,real,584.mp4
C:\Users\guest user\Desktop\deepfake\data\original\899.mp4,0,real,899.mp4
C:\Users\guest user\Desktop\deepfake\data\original\897.mp4,0,real,897.mp4
C:\Users\guest user\Desktop\deepfake\data\Deepfakes\20_13__walk_down_hall_angry__HQHYKNGK.mp4,1,fake,20_13__walk_down_hall_angry__HQHYKNGK.mp4
C:\Users\guest user\Desktop\deepfake\data\Deepfakes\10_23__kitchen_pan__GYY4VANY.mp4,1,fake,10_23__kitchen_pan__GYY4VANY.mp4
C:\Users\guest user\Desktop\deepfake\data\Deepfakes\539_499.mp4,1,fake,539_499.mp4
C:\Users\guest user\Desktop\deepfake\data\Deepfakes\09_03__kitchen_pan__8DTEGQ54.mp4,1,fake,09_03__kitchen_pan__8DTEGQ54.mp4
C:\Users\guest user\Desktop\deepfake\data\original\235.mp4,0,real,235.mp4
C:\Users\guest user\Desktop\deepfake\data\original\576.mp4,0,real,576.mp4
C:\Users\guest user\Desktop\deepfake\data\Deepfakes\01_03__hugging_happy__ISF9SP4G.mp4,1,fake,01_03__hugging_happy__ISF9SP4G.mp4
C:\Users\guest user\Desktop\deepfake\data\original\143.mp4,0,real,143.mp4
C:\Users\guest user\Desktop\deepfake\data\original\307.mp4,0,real,307.mp4
C:\Users\guest user\Desktop\deepfake\data\original\274.mp4,0,real,274.mp4
C:\Users\guest user\Desktop\deepfake\data\Deepfakes\12_15__talking_angry_couch__N0SRODQD.mp4,1,fake,12_15__talking_angry_couch__N0SRODQD.mp4
C:\Users\guest user\Desktop\deepfake\data\original\464.mp4,0,real,464.mp4
C:\Users\guest user\Desktop\deepfake\data\Deepfakes\483_370.mp4,1,fake,483_370.mp4
C:\Users\guest user\Desktop\deepfake\data\Deepfakes\534_490.mp4,1,fake,534_490.mp4
C:\Users\guest user\Desktop\deepfake\data\original\234.mp4,0,real,234.mp4
C:\Users\guest user\Desktop\deepfake\data\Deepfakes\436_526.mp4,1,fake,436_526.mp4
C:\Users\guest user\Desktop\deepfake\data\Deepfakes\416_342.mp4,1,fake,416_342.mp4
C:\Users\guest user\Desktop\deepfake\data\original\948.mp4,0,real,948.mp4
C:\Users\guest user\Desktop\deepfake\data\original\216.mp4,0,real,216.mp4
C:\Users\guest user\Desktop\deepfake\data\original\535.mp4,0,real,535.mp4
C:\Users\guest user\Desktop\deepfake\data\Deepfakes\25_20__walking_outside_cafe_disgusted__AMY6M1KL.mp4,1,fake,25_20__walking_outside_cafe_disgusted__AMY6M1KL.mp4
C:\Users\guest user\Desktop\deepfake\data\original\116.mp4,0,real,116.mp4
C:\Users\guest user\Desktop\deepfake\data\Deepfakes\708_772.mp4,1,fake,708_772.mp4
C:\Users\guest user\Desktop\deepfake\data\original\027.mp4,0,real,027.mp4
C:\Users\guest user\Desktop\deepfake\data\original\780.mp4,0,real,780.mp4
C:\Users\guest user\Desktop\deepfake\data\Deepfakes\11_18__walking_outside_cafe_disgusted__R1NMCHKG.mp4,1,fake,11_18__walking_outside_cafe_disgusted__R1NMCHKG.mp4
C:\Users\guest user\Desktop\deepfake\data\Deepfakes\07_04__outside_talking_still_laughing__XRK7FGZX.mp4,1,fake,07_04__outside_talking_still_laughing__XRK7FGZX.mp4
C:\Users\guest user\Desktop\deepfake\data\Deepfakes\759_755.mp4,1,fake,759_755.mp4
C:\Users\guest user\Desktop\deepfake\data\Deepfakes\15_25__talking_angry_couch__FF95NMIQ.mp4,1,fake,15_25__talking_angry_couch__FF95NMIQ.mp4
C:\Users\guest user\Desktop\deepfake\data\original\303.mp4,0,real,303.mp4
C:\Users\guest user\Desktop\deepfake\data\original\602.mp4,0,real,602.mp4
C:\Users\guest user\Desktop\deepfake\data\original\214.mp4,0,real,214.mp4
C:\Users\guest user\Desktop\deepfake\data\original\347.mp4,0,real,347.mp4
C:\Users\guest user\Desktop\deepfake\data\original\831.mp4,0,real,831.mp4
C:\Users\guest user\Desktop\deepfake\data\Deepfakes\03_07__walking_down_indoor_hall_disgust__PWXXULHR.mp4,1,fake,03_07__walking_down_indoor_hall_disgust__PWXXULHR.mp4
C:\Users\guest user\Desktop\deepfake\data\Deepfakes\22_10__walk_down_hall_angry__FY7YI0AJ.mp4,1,fake,22_10__walk_down_hall_angry__FY7YI0AJ.mp4
C:\Users\guest user\Desktop\deepfake\data\original\373.mp4,0,real,373.mp4
C:\Users\guest user\Desktop\deepfake\data\original\999.mp4,0,real,999.mp4
C:\Users\guest user\Desktop\deepfake\data\Deepfakes\296_293.mp4,1,fake,296_293.mp4
C:\Users\guest user\Desktop\deepfake\data\original\062.mp4,0,real,062.mp4
C:\Users\guest user\Desktop\deepfake\data\original\930.mp4,0,real,930.mp4
C:\Users\guest user\Desktop\deepfake\data\Deepfakes\242_182.mp4,1,fake,242_182.mp4
C:\Users\guest user\Desktop\deepfake\data\Deepfakes\14_26__talking_angry_couch__ILLP29ZH.mp4,1,fake,14_26__talking_angry_couch__ILLP29ZH.mp4
C:\Users\guest user\Desktop\deepfake\data\Deepfakes\701_579.mp4,1,fake,701_579.mp4
C:\Users\guest user\Desktop\deepfake\data\original\808.mp4,0,real,808.mp4
C:\Users\guest user\Desktop\deepfake\data\Deepfakes\316_369.mp4,1,fake,316_369.mp4
C:\Users\guest user\Desktop\deepfake\data\Deepfakes\813_700.mp4,1,fake,813_700.mp4
C:\Users\guest user\Desktop\deepfake\data\original\938.mp4,0,real,938.mp4
C:\Users\guest user\Desktop\deepfake\data\original\378.mp4,0,real,378.mp4
C:\Users\guest user\Desktop\deepfake\data\Deepfakes\770_791.mp4,1,fake,770_791.mp4
C:\Users\guest user\Desktop\deepfake\data\original\032.mp4,0,real,032.mp4
C:\Users\guest user\Desktop\deepfake\data\original\473.mp4,0,real,473.mp4
C:\Users\guest user\Desktop\deepfake\data\Deepfakes\05_16__walk_down_hall_angry__U9WZI5LK.mp4,1,fake,05_16__walk_down_hall_angry__U9WZI5LK.mp4
C:\Users\guest user\Desktop\deepfake\data\original\245.mp4,0,real,245.mp4
C:\Users\guest user\Desktop\deepfake\data\Deepfakes\764_850.mp4,1,fake,764_850.mp4
C:\Users\guest user\Desktop\deepfake\data\Deepfakes\950_836.mp4,1,fake,950_836.mp4
C:\Users\guest user\Desktop\deepfake\data\Deepfakes\07_14__podium_speech_happy__VOX29AK0.mp4,1,fake,07_14__podium_speech_happy__VOX29AK0.mp4
C:\Users\guest user\Desktop\deepfake\data\Deepfakes\02_15__secret_conversation__MZWH8ATN.mp4,1,fake,02_15__secret_conversation__MZWH8ATN.mp4
C:\Users\guest user\Desktop\deepfake\data\Deepfakes\07_21__talking_against_wall__MKU99DVX.mp4,1,fake,07_21__talking_against_wall__MKU99DVX.mp4
C:\Users\guest user\Desktop\deepfake\data\Deepfakes\040_997.mp4,1,fake,040_997.mp4
C:\Users\guest user\Desktop\deepfake\data\Deepfakes\651_835.mp4,1,fake,651_835.mp4
C:\Users\guest user\Desktop\deepfake\data\original\964.mp4,0,real,964.mp4
C:\Users\guest user\Desktop\deepfake\data\Deepfakes\23_19__walking_outside_cafe_disgusted__WHQ1229T.mp4,1,fake,23_19__walking_outside_cafe_disgusted__WHQ1229T.mp4
C:\Users\guest user\Desktop\deepfake\data\original\777.mp4,0,real,777.mp4
C:\Users\guest user\Desktop\deepfake\data\original\821.mp4,0,real,821.mp4
C:\Users\guest user\Desktop\deepfake\data\original\070.mp4,0,real,070.mp4
C:\Users\guest user\Desktop\deepfake\data\Deepfakes\09_20__outside_talking_still_laughing__MKEWB4SM.mp4,1,fake,09_20__outside_talking_still_laughing__MKEWB4SM.mp4
C:\Users\guest user\Desktop\deepfake\data\original\855.mp4,0,real,855.mp4
C:\Users\guest user\Desktop\deepfake\data\Deepfakes\09_03__talking_against_wall__8DTEGQ54.mp4,1,fake,09_03__talking_against_wall__8DTEGQ54.mp4
C:\Users\guest user\Desktop\deepfake\data\Deepfakes\544_532.mp4,1,fake,544_532.mp4
C:\Users\guest user\Desktop\deepfake\data\original\044.mp4,0,real,044.mp4
C:\Users\guest user\Desktop\deepfake\data\Deepfakes\07_03__hugging_happy__WPT3Z2KN.mp4,1,fake,07_03__hugging_happy__WPT3Z2KN.mp4
C:\Users\guest user\Desktop\deepfake\data\original\208.mp4,0,real,208.mp4
C:\Users\guest user\Desktop\deepfake\data\Deepfakes\267_286.mp4,1,fake,267_286.mp4
C:\Users\guest user\Desktop\deepfake\data\original\215.mp4,0,real,215.mp4
C:\Users\guest user\Desktop\deepfake\data\original\158.mp4,0,real,158.mp4
C:\Users\guest user\Desktop\deepfake\data\original\674.mp4,0,real,674.mp4
C:\Users\guest user\Desktop\deepfake\data\Deepfakes\796_740.mp4,1,fake,796_740.mp4
C:\Users\guest user\Desktop\deepfake\data\Deepfakes\331_260.mp4,1,fake,331_260.mp4
C:\Users\guest user\Desktop\deepfake\data\Deepfakes\277_335.mp4,1,fake,277_335.mp4
C:\Users\guest user\Desktop\deepfake\data\original\498.mp4,0,real,498.mp4
C:\Users\guest user\Desktop\deepfake\data\original\923.mp4,0,real,923.mp4
C:\Users\guest user\Desktop\deepfake\data\original\512.mp4,0,real,512.mp4
C:\Users\guest user\Desktop\deepfake\data\original\875.mp4,0,real,875.mp4
C:\Users\guest user\Desktop\deepfake\data\Deepfakes\322_315.mp4,1,fake,322_315.mp4
C:\Users\guest user\Desktop\deepfake\data\original\978.mp4,0,real,978.mp4
C:\Users\guest user\Desktop\deepfake\data\Deepfakes\09_02__walking_down_street_outside_angry__9TDCEK1Q.mp4,1,fake,09_02__walking_down_street_outside_angry__9TDCEK1Q.mp4
C:\Users\guest user\Desktop\deepfake\data\Deepfakes\03_14__exit_phone_room__H0VQHGS3.mp4,1,fake,03_14__exit_phone_room__H0VQHGS3.mp4
C:\Users\guest user\Desktop\deepfake\data\original\223.mp4,0,real,223.mp4
C:\Users\guest user\Desktop\deepfake\data\Deepfakes\427_637.mp4,1,fake,427_637.mp4
C:\Users\guest user\Desktop\deepfake\data\Deepfakes\10_23__outside_talking_pan_laughing__ZHJO34DY.mp4,1,fake,10_23__outside_talking_pan_laughing__ZHJO34DY.mp4
C:\Users\guest user\Desktop\deepfake\data\Deepfakes\519_515.mp4,1,fake,519_515.mp4
C:\Users\guest user\Desktop\deepfake\data\Deepfakes\532_544.mp4,1,fake,532_544.mp4
C:\Users\guest user\Desktop\deepfake\data\Deepfakes\11_21__podium_speech_happy__T7DK03O1.mp4,1,fake,11_21__podium_speech_happy__T7DK03O1.mp4
C:\Users\guest user\Desktop\deepfake\data\original\733.mp4,0,real,733.mp4
C:\Users\guest user\Desktop\deepfake\data\Deepfakes\895_915.mp4,1,fake,895_915.mp4
C:\Users\guest user\Desktop\deepfake\data\original\629.mp4,0,real,629.mp4
C:\Users\guest user\Desktop\deepfake\data\original\912.mp4,0,real,912.mp4
C:\Users\guest user\Desktop\deepfake\data\Deepfakes\257_420.mp4,1,fake,257_420.mp4
C:\Users\guest user\Desktop\deepfake\data\Deepfakes\365_307.mp4,1,fake,365_307.mp4
C:\Users\guest user\Desktop\deepfake\data\original\137.mp4,0,real,137.mp4
C:\Users\guest user\Desktop\deepfake\data\original\872.mp4,0,real,872.mp4
C:\Users\guest user\Desktop\deepfake\data\Deepfakes\546_621.mp4,1,fake,546_621.mp4
C:\Users\guest user\Desktop\deepfake\data\original\250.mp4,0,real,250.mp4
C:\Users\guest user\Desktop\deepfake\data\original\894.mp4,0,real,894.mp4
C:\Users\guest user\Desktop\deepfake\data\Deepfakes\426_287.mp4,1,fake,426_287.mp4
C:\Users\guest user\Desktop\deepfake\data\Deepfakes\567_606.mp4,1,fake,567_606.mp4
C:\Users\guest user\Desktop\deepfake\data\original\366.mp4,0,real,366.mp4
C:\Users\guest user\Desktop\deepfake\data\original\048.mp4,0,real,048.mp4
C:\Users\guest user\Desktop\deepfake\data\original\861.mp4,0,real,861.mp4
C:\Users\guest user\Desktop\deepfake\data\original\663.mp4,0,real,663.mp4
C:\Users\guest user\Desktop\deepfake\data\Deepfakes\104_126.mp4,1,fake,104_126.mp4
C:\Users\guest user\Desktop\deepfake\data\Deepfakes\12_18__talking_against_wall__IKH1LBBY.mp4,1,fake,12_18__talking_against_wall__IKH1LBBY.mp4
C:\Users\guest user\Desktop\deepfake\data\original\989.mp4,0,real,989.mp4
C:\Users\guest user\Desktop\deepfake\data\original\060.mp4,0,real,060.mp4
C:\Users\guest user\Desktop\deepfake\data\original\095.mp4,0,real,095.mp4
C:\Users\guest user\Desktop\deepfake\data\Deepfakes\12_14__walk_down_hall_angry__Z7EWFA0P.mp4,1,fake,12_14__walk_down_hall_angry__Z7EWFA0P.mp4
C:\Users\guest user\Desktop\deepfake\data\original\281.mp4,0,real,281.mp4
C:\Users\guest user\Desktop\deepfake\data\Deepfakes\26_25__talking_against_wall__PQ41U3IJ.mp4,1,fake,26_25__talking_against_wall__PQ41U3IJ.mp4
C:\Users\guest user\Desktop\deepfake\data\Deepfakes\225_151.mp4,1,fake,225_151.mp4
C:\Users\guest user\Desktop\deepfake\data\Deepfakes\451_449.mp4,1,fake,451_449.mp4
C:\Users\guest user\Desktop\deepfake\data\original\687.mp4,0,real,687.mp4
C:\Users\guest user\Desktop\deepfake\data\original\030.mp4,0,real,030.mp4
C:\Users\guest user\Desktop\deepfake\data\Deepfakes\091_116.mp4,1,fake,091_116.mp4
C:\Users\guest user\Desktop\deepfake\data\original\305.mp4,0,real,305.mp4
C:\Users\guest user\Desktop\deepfake\data\original\610.mp4,0,real,610.mp4
C:\Users\guest user\Desktop\deepfake\data\original\798.mp4,0,real,798.mp4
C:\Users\guest user\Desktop\deepfake\data\Deepfakes\377_333.mp4,1,fake,377_333.mp4
C:\Users\guest user\Desktop\deepfake\data\original\042.mp4,0,real,042.mp4
C:\Users\guest user\Desktop\deepfake\data\Deepfakes\28_05__kitchen_pan__W3J028UG.mp4,1,fake,28_05__kitchen_pan__W3J028UG.mp4
C:\Users\guest user\Desktop\deepfake\data\original\077.mp4,0,real,077.mp4
C:\Users\guest user\Desktop\deepfake\data\original\556.mp4,0,real,556.mp4
C:\Users\guest user\Desktop\deepfake\data\Deepfakes\13_20__podium_speech_happy__C50CSOEX.mp4,1,fake,13_20__podium_speech_happy__C50CSOEX.mp4
C:\Users\guest user\Desktop\deepfake\data\Deepfakes\11_01__talking_angry_couch__LL4RUKZA.mp4,1,fake,11_01__talking_angry_couch__LL4RUKZA.mp4
C:\Users\guest user\Desktop\deepfake\data\Deepfakes\114_102.mp4,1,fake,114_102.mp4
C:\Users\guest user\Desktop\deepfake\data\original\021.mp4,0,real,021.mp4
C:\Users\guest user\Desktop\deepfake\data\Deepfakes\446_667.mp4,1,fake,446_667.mp4
C:\Users\guest user\Desktop\deepfake\data\Deepfakes\28_08__outside_talking_pan_laughing__GGCUYQA4.mp4,1,fake,28_08__outside_talking_pan_laughing__GGCUYQA4.mp4
C:\Users\guest user\Desktop\deepfake\data\Deepfakes\464_463.mp4,1,fake,464_463.mp4
C:\Users\guest user\Desktop\deepfake\data\Deepfakes\20_13__kitchen_pan__4SAX54BT.mp4,1,fake,20_13__kitchen_pan__4SAX54BT.mp4
C:\Users\guest user\Desktop\deepfake\data\Deepfakes\821_812.mp4,1,fake,821_812.mp4
C:\Users\guest user\Desktop\deepfake\data\Deepfakes\14_15__hugging_happy__3FRJCJ0V.mp4,1,fake,14_15__hugging_happy__3FRJCJ0V.mp4
C:\Users\guest user\Desktop\deepfake\data\original\387.mp4,0,real,387.mp4
C:\Users\guest user\Desktop\deepfake\data\Deepfakes\08_05__walk_down_hall_angry__PRBCE28Z.mp4,1,fake,08_05__walk_down_hall_angry__PRBCE28Z.mp4
C:\Users\guest user\Desktop\deepfake\data\Deepfakes\799_809.mp4,1,fake,799_809.mp4
C:\Users\guest user\Desktop\deepfake\data\original\003.mp4,0,real,003.mp4
C:\Users\guest user\Desktop\deepfake\data\Deepfakes\09_13__exit_phone_room__YP7MGDQ6.mp4,1,fake,09_13__exit_phone_room__YP7MGDQ6.mp4
C:\Users\guest user\Desktop\deepfake\data\Deepfakes\21_15__outside_talking_pan_laughing__87WSBJP3.mp4,1,fake,21_15__outside_talking_pan_laughing__87WSBJP3.mp4
C:\Users\guest user\Desktop\deepfake\data\Deepfakes\152_149.mp4,1,fake,152_149.mp4
C:\Users\guest user\Desktop\deepfake\data\Deepfakes\06_26__kitchen_pan__L5BVR5L9.mp4,1,fake,06_26__kitchen_pan__L5BVR5L9.mp4
C:\Users\guest user\Desktop\deepfake\data\Deepfakes\050_059.mp4,1,fake,050_059.mp4
C:\Users\guest user\Desktop\deepfake\data\Deepfakes\885_802.mp4,1,fake,885_802.mp4
C:\Users\guest user\Desktop\deepfake\data\original\438.mp4,0,real,438.mp4
C:\Users\guest user\Desktop\deepfake\data\original\844.mp4,0,real,844.mp4
C:\Users\guest user\Desktop\deepfake\data\Deepfakes\14_15__walking_and_outside_surprised__OMLZILK3.mp4,1,fake,14_15__walking_and_outside_surprised__OMLZILK3.mp4
C:\Users\guest user\Desktop\deepfake\data\original\717.mp4,0,real,717.mp4
C:\Users\guest user\Desktop\deepfake\data\original\616.mp4,0,real,616.mp4
C:\Users\guest user\Desktop\deepfake\data\Deepfakes\012_026.mp4,1,fake,012_026.mp4
C:\Users\guest user\Desktop\deepfake\data\Deepfakes\18_14__exit_phone_room__0YRBHIKG.mp4,1,fake,18_14__exit_phone_room__0YRBHIKG.mp4
C:\Users\guest user\Desktop\deepfake\data\Deepfakes\14_21__walk_down_hall_angry__N0WM4GSV.mp4,1,fake,14_21__walk_down_hall_angry__N0WM4GSV.mp4
C:\Users\guest user\Desktop\deepfake\data\Deepfakes\13_20__walking_down_indoor_hall_disgust__VO2YZXLN.mp4,1,fake,13_20__walking_down_indoor_hall_disgust__VO2YZXLN.mp4
C:\Users\guest user\Desktop\deepfake\data\original\488.mp4,0,real,488.mp4
C:\Users\guest user\Desktop\deepfake\data\original\479.mp4,0,real,479.mp4
C:\Users\guest user\Desktop\deepfake\data\original\209.mp4,0,real,209.mp4
C:\Users\guest user\Desktop\deepfake\data\original\315.mp4,0,real,315.mp4
C:\Users\guest user\Desktop\deepfake\data\original\753.mp4,0,real,753.mp4
C:\Users\guest user\Desktop\deepfake\data\Deepfakes\21_02__kitchen_pan__Z0XHPQAR.mp4,1,fake,21_02__kitchen_pan__Z0XHPQAR.mp4
C:\Users\guest user\Desktop\deepfake\data\original\593.mp4,0,real,593.mp4
C:\Users\guest user\Desktop\deepfake\data\Deepfakes\22_23__outside_talking_pan_laughing__TU7RHG0S.mp4,1,fake,22_23__outside_talking_pan_laughing__TU7RHG0S.mp4
C:\Users\guest user\Desktop\deepfake\data\original\706.mp4,0,real,706.mp4
C:\Users\guest user\Desktop\deepfake\data\original\000.mp4,0,real,000.mp4
C:\Users\guest user\Desktop\deepfake\data\Deepfakes\166_167.mp4,1,fake,166_167.mp4
C:\Users\guest user\Desktop\deepfake\data\original\876.mp4,0,real,876.mp4
C:\Users\guest user\Desktop\deepfake\data\Deepfakes\969_897.mp4,1,fake,969_897.mp4
C:\Users\guest user\Desktop\deepfake\data\original\183.mp4,0,real,183.mp4
C:\Users\guest user\Desktop\deepfake\data\Deepfakes\000_003.mp4,1,fake,000_003.mp4
C:\Users\guest user\Desktop\deepfake\data\Deepfakes\638_640.mp4,1,fake,638_640.mp4
C:\Users\guest user\Desktop\deepfake\data\original\962.mp4,0,real,962.mp4
C:\Users\guest user\Desktop\deepfake\data\original\399.mp4,0,real,399.mp4
C:\Users\guest user\Desktop\deepfake\data\original\592.mp4,0,real,592.mp4
C:\Users\guest user\Desktop\deepfake\data\original\968.mp4,0,real,968.mp4
C:\Users\guest user\Desktop\deepfake\data\Deepfakes\752_751.mp4,1,fake,752_751.mp4
C:\Users\guest user\Desktop\deepfake\data\Deepfakes\06_07__exit_phone_room__NMGYPBXE.mp4,1,fake,06_07__exit_phone_room__NMGYPBXE.mp4
C:\Users\guest user\Desktop\deepfake\data\Deepfakes\934_918.mp4,1,fake,934_918.mp4
C:\Users\guest user\Desktop\deepfake\data\original\691.mp4,0,real,691.mp4
C:\Users\guest user\Desktop\deepfake\data\original\165.mp4,0,real,165.mp4
C:\Users\guest user\Desktop\deepfake\data\Deepfakes\26_20__secret_conversation__34DJQS3E.mp4,1,fake,26_20__secret_conversation__34DJQS3E.mp4
C:\Users\guest user\Desktop\deepfake\data\original\514.mp4,0,real,514.mp4
C:\Users\guest user\Desktop\deepfake\data\original\122.mp4,0,real,122.mp4
C:\Users\guest user\Desktop\deepfake\data\original\988.mp4,0,real,988.mp4
C:\Users\guest user\Desktop\deepfake\data\Deepfakes\118_120.mp4,1,fake,118_120.mp4
C:\Users\guest user\Desktop\deepfake\data\Deepfakes\19_10__exit_phone_room__IDX76N5R.mp4,1,fake,19_10__exit_phone_room__IDX76N5R.mp4
C:\Users\guest user\Desktop\deepfake\data\Deepfakes\28_08__kitchen_still__8BC35RFU.mp4,1,fake,28_08__kitchen_still__8BC35RFU.mp4
C:\Users\guest user\Desktop\deepfake\data\Deepfakes\175_159.mp4,1,fake,175_159.mp4
C:\Users\guest user\Desktop\deepfake\data\original\649.mp4,0,real,649.mp4
C:\Users\guest user\Desktop\deepfake\data\Deepfakes\02_06__talking_angry_couch__MKZTXQ2T.mp4,1,fake,02_06__talking_angry_couch__MKZTXQ2T.mp4
C:\Users\guest user\Desktop\deepfake\data\original\599.mp4,0,real,599.mp4
C:\Users\guest user\Desktop\deepfake\data\original\759.mp4,0,real,759.mp4
C:\Users\guest user\Desktop\deepfake\data\Deepfakes\702_612.mp4,1,fake,702_612.mp4
C:\Users\guest user\Desktop\deepfake\data\original\321.mp4,0,real,321.mp4
C:\Users\guest user\Desktop\deepfake\data\Deepfakes\04_01__outside_talking_still_laughing__0XUW13RW.mp4,1,fake,04_01__outside_talking_still_laughing__0XUW13RW.mp4
C:\Users\guest user\Desktop\deepfake\data\Deepfakes\189_200.mp4,1,fake,189_200.mp4
C:\Users\guest user\Desktop\deepfake\data\Deepfakes\925_933.mp4,1,fake,925_933.mp4
C:\Users\guest user\Desktop\deepfake\data\Deepfakes\406_391.mp4,1,fake,406_391.mp4
C:\Users\guest user\Desktop\deepfake\data\original\322.mp4,0,real,322.mp4
C:\Users\guest user\Desktop\deepfake\data\original\283.mp4,0,real,283.mp4
C:\Users\guest user\Desktop\deepfake\data\original\219.mp4,0,real,219.mp4
C:\Users\guest user\Desktop\deepfake\data\original\805.mp4,0,real,805.mp4
C:\Users\guest user\Desktop\deepfake\data\original\331.mp4,0,real,331.mp4
C:\Users\guest user\Desktop\deepfake\data\original\655.mp4,0,real,655.mp4
C:\Users\guest user\Desktop\deepfake\data\Deepfakes\11_01__talking_against_wall__4OJNJLOO.mp4,1,fake,11_01__talking_against_wall__4OJNJLOO.mp4
C:\Users\guest user\Desktop\deepfake\data\original\469.mp4,0,real,469.mp4
C:\Users\guest user\Desktop\deepfake\data\Deepfakes\26_04__outside_talking_still_laughing__WX836VLY.mp4,1,fake,26_04__outside_talking_still_laughing__WX836VLY.mp4
C:\Users\guest user\Desktop\deepfake\data\Deepfakes\13_27__talking_against_wall__A1OSUJE9.mp4,1,fake,13_27__talking_against_wall__A1OSUJE9.mp4
C:\Users\guest user\Desktop\deepfake\data\Deepfakes\07_25__walking_down_street_outside_angry__IKMKYKPG.mp4,1,fake,07_25__walking_down_street_outside_angry__IKMKYKPG.mp4
C:\Users\guest user\Desktop\deepfake\data\Deepfakes\13_20__kitchen_still__LXLR1B6N.mp4,1,fake,13_20__kitchen_still__LXLR1B6N.mp4
C:\Users\guest user\Desktop\deepfake\data\Deepfakes\20_21__walking_down_street_outside_angry__ZCB5OMEW.mp4,1,fake,20_21__walking_down_street_outside_angry__ZCB5OMEW.mp4
C:\Users\guest user\Desktop\deepfake\data\original\276.mp4,0,real,276.mp4
C:\Users\guest user\Desktop\deepfake\data\Deepfakes\09_14__outside_talking_still_laughing__FRY0IZ4R.mp4,1,fake,09_14__outside_talking_still_laughing__FRY0IZ4R.mp4
C:\Users\guest user\Desktop\deepfake\data\original\046.mp4,0,real,046.mp4
C:\Users\guest user\Desktop\deepfake\data\Deepfakes\03_07__kitchen_pan__WPT3Z2KN.mp4,1,fake,03_07__kitchen_pan__WPT3Z2KN.mp4
C:\Users\guest user\Desktop\deepfake\data\original\123.mp4,0,real,123.mp4
C:\Users\guest user\Desktop\deepfake\data\Deepfakes\301_262.mp4,1,fake,301_262.mp4
C:\Users\guest user\Desktop\deepfake\data\original\099.mp4,0,real,099.mp4
C:\Users\guest user\Desktop\deepfake\data\original\011.mp4,0,real,011.mp4
C:\Users\guest user\Desktop\deepfake\data\original\521.mp4,0,real,521.mp4
C:\Users\guest user\Desktop\deepfake\data\original\100.mp4,0,real,100.mp4
C:\Users\guest user\Desktop\deepfake\data\Deepfakes\25_09__outside_talking_still_laughing__ODAQ7BZL.mp4,1,fake,25_09__outside_talking_still_laughing__ODAQ7BZL.mp4
C:\Users\guest user\Desktop\deepfake\data\original\278.mp4,0,real,278.mp4
C:\Users\guest user\Desktop\deepfake\data\Deepfakes\368_378.mp4,1,fake,368_378.mp4
C:\Users\guest user\Desktop\deepfake\data\original\830.mp4,0,real,830.mp4
C:\Users\guest user\Desktop\deepfake\data\original\973.mp4,0,real,973.mp4
C:\Users\guest user\Desktop\deepfake\data\Deepfakes\15_14__exit_phone_room__OMLZILK3.mp4,1,fake,15_14__exit_phone_room__OMLZILK3.mp4
C:\Users\guest user\Desktop\deepfake\data\original\440.mp4,0,real,440.mp4
C:\Users\guest user\Desktop\deepfake\data\Deepfakes\637_427.mp4,1,fake,637_427.mp4
C:\Users\guest user\Desktop\deepfake\data\original\135.mp4,0,real,135.mp4
C:\Users\guest user\Desktop\deepfake\data\Deepfakes\12_25__walking_and_outside_surprised__FQE07ND1.mp4,1,fake,12_25__walking_and_outside_surprised__FQE07ND1.mp4
C:\Users\guest user\Desktop\deepfake\data\original\986.mp4,0,real,986.mp4
C:\Users\guest user\Desktop\deepfake\data\Deepfakes\07_26__walking_down_street_outside_angry__FGNGC2GT.mp4,1,fake,07_26__walking_down_street_outside_angry__FGNGC2GT.mp4
C:\Users\guest user\Desktop\deepfake\data\original\452.mp4,0,real,452.mp4
C:\Users\guest user\Desktop\deepfake\data\original\955.mp4,0,real,955.mp4
C:\Users\guest user\Desktop\deepfake\data\original\344.mp4,0,real,344.mp4
C:\Users\guest user\Desktop\deepfake\data\original\019.mp4,0,real,019.mp4
C:\Users\guest user\Desktop\deepfake\data\Deepfakes\762_832.mp4,1,fake,762_832.mp4
C:\Users\guest user\Desktop\deepfake\data\original\983.mp4,0,real,983.mp4
C:\Users\guest user\Desktop\deepfake\data\Deepfakes\02_18__walk_down_hall_angry__B95S4G6F.mp4,1,fake,02_18__walk_down_hall_angry__B95S4G6F.mp4
C:\Users\guest user\Desktop\deepfake\data\Deepfakes\200_189.mp4,1,fake,200_189.mp4
C:\Users\guest user\Desktop\deepfake\data\Deepfakes\630_623.mp4,1,fake,630_623.mp4
C:\Users\guest user\Desktop\deepfake\data\original\071.mp4,0,real,071.mp4
C:\Users\guest user\Desktop\deepfake\data\original\998.mp4,0,real,998.mp4
C:\Users\guest user\Desktop\deepfake\data\original\410.mp4,0,real,410.mp4
C:\Users\guest user\Desktop\deepfake\data\Deepfakes\03_01__meeting_serious__JZUXXFRB.mp4,1,fake,03_01__meeting_serious__JZUXXFRB.mp4
C:\Users\guest user\Desktop\deepfake\data\Deepfakes\313_283.mp4,1,fake,313_283.mp4
C:\Users\guest user\Desktop\deepfake\data\Deepfakes\06_12__podium_speech_happy__0VR4Y891.mp4,1,fake,06_12__podium_speech_happy__0VR4Y891.mp4
C:\Users\guest user\Desktop\deepfake\data\Deepfakes\110_043.mp4,1,fake,110_043.mp4
C:\Users\guest user\Desktop\deepfake\data\original\781.mp4,0,real,781.mp4
C:\Users\guest user\Desktop\deepfake\data\Deepfakes\728_673.mp4,1,fake,728_673.mp4
C:\Users\guest user\Desktop\deepfake\data\original\108.mp4,0,real,108.mp4
C:\Users\guest user\Desktop\deepfake\data\Deepfakes\13_02__walking_down_street_outside_angry__2YSYT2N3.mp4,1,fake,13_02__walking_down_street_outside_angry__2YSYT2N3.mp4
C:\Users\guest user\Desktop\deepfake\data\original\394.mp4,0,real,394.mp4
C:\Users\guest user\Desktop\deepfake\data\original\834.mp4,0,real,834.mp4
C:\Users\guest user\Desktop\deepfake\data\Deepfakes\16_17__walking_outside_cafe_disgusted__S7UMSIQV.mp4,1,fake,16_17__walking_outside_cafe_disgusted__S7UMSIQV.mp4
C:\Users\guest user\Desktop\deepfake\data\Deepfakes\20_09__walk_down_hall_angry__RAGUKRMK.mp4,1,fake,20_09__walk_down_hall_angry__RAGUKRMK.mp4
C:\Users\guest user\Desktop\deepfake\data\Deepfakes\432_357.mp4,1,fake,432_357.mp4
C:\Users\guest user\Desktop\deepfake\data\original\905.mp4,0,real,905.mp4
C:\Users\guest user\Desktop\deepfake\data\Deepfakes\02_15__walking_and_outside_surprised__HTG660F8.mp4,1,fake,02_15__walking_and_outside_surprised__HTG660F8.mp4
C:\Users\guest user\Desktop\deepfake\data\original\170.mp4,0,real,170.mp4
C:\Users\guest user\Desktop\deepfake\data\Deepfakes\07_14__outside_talking_pan_laughing__P9QFO50U.mp4,1,fake,07_14__outside_talking_pan_laughing__P9QFO50U.mp4
C:\Users\guest user\Desktop\deepfake\data\Deepfakes\357_432.mp4,1,fake,357_432.mp4
C:\Users\guest user\Desktop\deepfake\data\original\058.mp4,0,real,058.mp4
C:\Users\guest user\Desktop\deepfake\data\original\636.mp4,0,real,636.mp4
C:\Users\guest user\Desktop\deepfake\data\original\500.mp4,0,real,500.mp4
C:\Users\guest user\Desktop\deepfake\data\Deepfakes\772_708.mp4,1,fake,772_708.mp4
C:\Users\guest user\Desktop\deepfake\data\Deepfakes\918_934.mp4,1,fake,918_934.mp4
C:\Users\guest user\Desktop\deepfake\data\Deepfakes\07_13__walking_outside_cafe_disgusted__RVQCPCJF.mp4,1,fake,07_13__walking_outside_cafe_disgusted__RVQCPCJF.mp4
C:\Users\guest user\Desktop\deepfake\data\original\269.mp4,0,real,269.mp4
C:\Users\guest user\Desktop\deepfake\data\Deepfakes\24_10__walking_down_street_outside_angry__356HPS7R.mp4,1,fake,24_10__walking_down_street_outside_angry__356HPS7R.mp4
C:\Users\guest user\Desktop\deepfake\data\Deepfakes\24_19__outside_talking_still_laughing__NPZW2Z9L.mp4,1,fake,24_19__outside_talking_still_laughing__NPZW2Z9L.mp4
C:\Users\guest user\Desktop\deepfake\data\Deepfakes\20_13__walking_down_indoor_hall_disgust__NJEO6L5O.mp4,1,fake,20_13__walking_down_indoor_hall_disgust__NJEO6L5O.mp4
C:\Users\guest user\Desktop\deepfake\data\original\642.mp4,0,real,642.mp4
C:\Users\guest user\Desktop\deepfake\data\Deepfakes\21_14__kitchen_still__IRKML4J0.mp4,1,fake,21_14__kitchen_still__IRKML4J0.mp4
C:\Users\guest user\Desktop\deepfake\data\Deepfakes\26_18__kitchen_pan__C9VUQS9O.mp4,1,fake,26_18__kitchen_pan__C9VUQS9O.mp4
C:\Users\guest user\Desktop\deepfake\data\Deepfakes\09_01__walk_down_hall_angry__6TSGVLHA.mp4,1,fake,09_01__walk_down_hall_angry__6TSGVLHA.mp4
C:\Users\guest user\Desktop\deepfake\data\Deepfakes\646_643.mp4,1,fake,646_643.mp4
C:\Users\guest user\Desktop\deepfake\data\original\187.mp4,0,real,187.mp4
C:\Users\guest user\Desktop\deepfake\data\Deepfakes\15_20__outside_talking_still_laughing__99NHTFBM.mp4,1,fake,15_20__outside_talking_still_laughing__99NHTFBM.mp4
C:\Users\guest user\Desktop\deepfake\data\original\953.mp4,0,real,953.mp4
C:\Users\guest user\Desktop\deepfake\data\Deepfakes\586_223.mp4,1,fake,586_223.mp4
C:\Users\guest user\Desktop\deepfake\data\Deepfakes\02_06__talking_angry_couch__GH8TGTBS.mp4,1,fake,02_06__talking_angry_couch__GH8TGTBS.mp4
C:\Users\guest user\Desktop\deepfake\data\Deepfakes\198_106.mp4,1,fake,198_106.mp4
C:\Users\guest user\Desktop\deepfake\data\Deepfakes\04_13__podium_speech_happy__00T3UYOR.mp4,1,fake,04_13__podium_speech_happy__00T3UYOR.mp4
C:\Users\guest user\Desktop\deepfake\data\Deepfakes\04_01__kitchen_still__6I623VU9.mp4,1,fake,04_01__kitchen_still__6I623VU9.mp4
C:\Users\guest user\Desktop\deepfake\data\Deepfakes\909_857.mp4,1,fake,909_857.mp4
C:\Users\guest user\Desktop\deepfake\data\Deepfakes\07_14__walking_down_street_outside_angry__VOX29AK0.mp4,1,fake,07_14__walking_down_street_outside_angry__VOX29AK0.mp4
C:\Users\guest user\Desktop\deepfake\data\original\783.mp4,0,real,783.mp4
C:\Users\guest user\Desktop\deepfake\data\original\319.mp4,0,real,319.mp4
C:\Users\guest user\Desktop\deepfake\data\original\743.mp4,0,real,743.mp4
C:\Users\guest user\Desktop\deepfake\data\Deepfakes\01_27__outside_talking_pan_laughing__S2YCUY48.mp4,1,fake,01_27__outside_talking_pan_laughing__S2YCUY48.mp4
C:\Users\guest user\Desktop\deepfake\data\original\613.mp4,0,real,613.mp4
C:\Users\guest user\Desktop\deepfake\data\Deepfakes\21_15__walking_outside_cafe_disgusted__87WSBJP3.mp4,1,fake,21_15__walking_outside_cafe_disgusted__87WSBJP3.mp4
C:\Users\guest user\Desktop\deepfake\data\Deepfakes\21_01__walk_down_hall_angry__03X7CELV.mp4,1,fake,21_01__walk_down_hall_angry__03X7CELV.mp4
C:\Users\guest user\Desktop\deepfake\data\Deepfakes\20_01__outside_talking_still_laughing__FW94AIMJ.mp4,1,fake,20_01__outside_talking_still_laughing__FW94AIMJ.mp4
C:\Users\guest user\Desktop\deepfake\data\Deepfakes\26_25__outside_talking_still_laughing__7ZRKCFMS.mp4,1,fake,26_25__outside_talking_still_laughing__7ZRKCFMS.mp4
C:\Users\guest user\Desktop\deepfake\data\Deepfakes\214_255.mp4,1,fake,214_255.mp4
C:\Users\guest user\Desktop\deepfake\data\Deepfakes\27_01__talking_against_wall__ZYCZ30C0.mp4,1,fake,27_01__talking_against_wall__ZYCZ30C0.mp4
C:\Users\guest user\Desktop\deepfake\data\original\597.mp4,0,real,597.mp4
C:\Users\guest user\Desktop\deepfake\data\original\567.mp4,0,real,567.mp4
C:\Users\guest user\Desktop\deepfake\data\Deepfakes\04_07__outside_talking_still_laughing__QKCCFKBT.mp4,1,fake,04_07__outside_talking_still_laughing__QKCCFKBT.mp4
C:\Users\guest user\Desktop\deepfake\data\original\102.mp4,0,real,102.mp4
C:\Users\guest user\Desktop\deepfake\data\original\723.mp4,0,real,723.mp4
C:\Users\guest user\Desktop\deepfake\data\Deepfakes\12_26__walking_outside_cafe_disgusted__OTKIGGFE.mp4,1,fake,12_26__walking_outside_cafe_disgusted__OTKIGGFE.mp4
C:\Users\guest user\Desktop\deepfake\data\Deepfakes\271_264.mp4,1,fake,271_264.mp4
C:\Users\guest user\Desktop\deepfake\data\original\388.mp4,0,real,388.mp4
C:\Users\guest user\Desktop\deepfake\data\original\529.mp4,0,real,529.mp4
C:\Users\guest user\Desktop\deepfake\data\Deepfakes\213_083.mp4,1,fake,213_083.mp4
C:\Users\guest user\Desktop\deepfake\data\Deepfakes\25_20__outside_talking_still_laughing__NPM0ENKD.mp4,1,fake,25_20__outside_talking_still_laughing__NPM0ENKD.mp4
C:\Users\guest user\Desktop\deepfake\data\original\055.mp4,0,real,055.mp4
C:\Users\guest user\Desktop\deepfake\data\original\827.mp4,0,real,827.mp4
C:\Users\guest user\Desktop\deepfake\data\original\659.mp4,0,real,659.mp4
C:\Users\guest user\Desktop\deepfake\data\original\009.mp4,0,real,009.mp4
C:\Users\guest user\Desktop\deepfake\data\original\933.mp4,0,real,933.mp4
C:\Users\guest user\Desktop\deepfake\data\original\621.mp4,0,real,621.mp4
C:\Users\guest user\Desktop\deepfake\data\original\225.mp4,0,real,225.mp4
C:\Users\guest user\Desktop\deepfake\data\original\083.mp4,0,real,083.mp4
C:\Users\guest user\Desktop\deepfake\data\original\270.mp4,0,real,270.mp4
C:\Users\guest user\Desktop\deepfake\data\original\967.mp4,0,real,967.mp4
C:\Users\guest user\Desktop\deepfake\data\original\552.mp4,0,real,552.mp4
C:\Users\guest user\Desktop\deepfake\data\Deepfakes\11_26__walk_down_hall_angry__7C0VKV43.mp4,1,fake,11_26__walk_down_hall_angry__7C0VKV43.mp4
C:\Users\guest user\Desktop\deepfake\data\Deepfakes\14_13__talking_angry_couch__KMQ3AW6A.mp4,1,fake,14_13__talking_angry_couch__KMQ3AW6A.mp4
C:\Users\guest user\Desktop\deepfake\data\Deepfakes\582_172.mp4,1,fake,582_172.mp4
C:\Users\guest user\Desktop\deepfake\data\Deepfakes\13_09__hugging_happy__LPT427RY.mp4,1,fake,13_09__hugging_happy__LPT427RY.mp4
C:\Users\guest user\Desktop\deepfake\data\original\341.mp4,0,real,341.mp4
C:\Users\guest user\Desktop\deepfake\data\Deepfakes\707_705.mp4,1,fake,707_705.mp4
C:\Users\guest user\Desktop\deepfake\data\original\156.mp4,0,real,156.mp4
C:\Users\guest user\Desktop\deepfake\data\original\420.mp4,0,real,420.mp4
C:\Users\guest user\Desktop\deepfake\data\Deepfakes\20_25__outside_talking_pan_laughing__M86GQTHK.mp4,1,fake,20_25__outside_talking_pan_laughing__M86GQTHK.mp4
C:\Users\guest user\Desktop\deepfake\data\Deepfakes\12_15__kitchen_still__RK17XFJ9.mp4,1,fake,12_15__kitchen_still__RK17XFJ9.mp4
C:\Users\guest user\Desktop\deepfake\data\Deepfakes\473_366.mp4,1,fake,473_366.mp4
C:\Users\guest user\Desktop\deepfake\data\original\446.mp4,0,real,446.mp4
C:\Users\guest user\Desktop\deepfake\data\original\142.mp4,0,real,142.mp4
C:\Users\guest user\Desktop\deepfake\data\original\565.mp4,0,real,565.mp4
C:\Users\guest user\Desktop\deepfake\data\original\558.mp4,0,real,558.mp4
C:\Users\guest user\Desktop\deepfake\data\original\869.mp4,0,real,869.mp4
C:\Users\guest user\Desktop\deepfake\data\original\352.mp4,0,real,352.mp4
C:\Users\guest user\Desktop\deepfake\data\original\947.mp4,0,real,947.mp4
C:\Users\guest user\Desktop\deepfake\data\original\357.mp4,0,real,357.mp4
C:\Users\guest user\Desktop\deepfake\data\original\824.mp4,0,real,824.mp4
C:\Users\guest user\Desktop\deepfake\data\original\069.mp4,0,real,069.mp4
C:\Users\guest user\Desktop\deepfake\data\Deepfakes\18_25__walking_outside_cafe_disgusted__SEGFKFJG.mp4,1,fake,18_25__walking_outside_cafe_disgusted__SEGFKFJG.mp4
C:\Users\guest user\Desktop\deepfake\data\original\370.mp4,0,real,370.mp4
C:\Users\guest user\Desktop\deepfake\data\Deepfakes\258_246.mp4,1,fake,258_246.mp4
C:\Users\guest user\Desktop\deepfake\data\original\312.mp4,0,real,312.mp4
C:\Users\guest user\Desktop\deepfake\data\Deepfakes\03_07__walking_outside_cafe_disgusted__IFSURI9X.mp4,1,fake,03_07__walking_outside_cafe_disgusted__IFSURI9X.mp4
C:\Users\guest user\Desktop\deepfake\data\Deepfakes\23_22__walking_and_outside_surprised__J671JKCH.mp4,1,fake,23_22__walking_and_outside_surprised__J671JKCH.mp4
C:\Users\guest user\Desktop\deepfake\data\original\550.mp4,0,real,550.mp4
C:\Users\guest user\Desktop\deepfake\data\Deepfakes\349_350.mp4,1,fake,349_350.mp4
C:\Users\guest user\Desktop\deepfake\data\original\951.mp4,0,real,951.mp4
C:\Users\guest user\Desktop\deepfake\data\Deepfakes\970_973.mp4,1,fake,970_973.mp4
C:\Users\guest user\Desktop\deepfake\data\Deepfakes\13_25__walking_down_street_outside_angry__IW9OFVMG.mp4,1,fake,13_25__walking_down_street_outside_angry__IW9OFVMG.mp4
C:\Users\guest user\Desktop\deepfake\data\original\268.mp4,0,real,268.mp4
C:\Users\guest user\Desktop\deepfake\data\original\309.mp4,0,real,309.mp4
C:\Users\guest user\Desktop\deepfake\data\Deepfakes\02_07__meeting_serious__1JCLEEBQ.mp4,1,fake,02_07__meeting_serious__1JCLEEBQ.mp4
C:\Users\guest user\Desktop\deepfake\data\Deepfakes\28_16__walking_down_street_outside_angry__U757192N.mp4,1,fake,28_16__walking_down_street_outside_angry__U757192N.mp4
C:\Users\guest user\Desktop\deepfake\data\original\907.mp4,0,real,907.mp4
C:\Users\guest user\Desktop\deepfake\data\original\685.mp4,0,real,685.mp4
C:\Users\guest user\Desktop\deepfake\data\Deepfakes\954_976.mp4,1,fake,954_976.mp4
C:\Users\guest user\Desktop\deepfake\data\Deepfakes\668_664.mp4,1,fake,668_664.mp4
C:\Users\guest user\Desktop\deepfake\data\original\284.mp4,0,real,284.mp4
C:\Users\guest user\Desktop\deepfake\data\Deepfakes\477_487.mp4,1,fake,477_487.mp4
C:\Users\guest user\Desktop\deepfake\data\Deepfakes\09_26__exit_phone_room__XXGYLT82.mp4,1,fake,09_26__exit_phone_room__XXGYLT82.mp4
C:\Users\guest user\Desktop\deepfake\data\Deepfakes\716_712.mp4,1,fake,716_712.mp4
C:\Users\guest user\Desktop\deepfake\data\Deepfakes\984_967.mp4,1,fake,984_967.mp4
C:\Users\guest user\Desktop\deepfake\data\Deepfakes\216_164.mp4,1,fake,216_164.mp4
C:\Users\guest user\Desktop\deepfake\data\Deepfakes\21_07__kitchen_pan__K7KXUHMU.mp4,1,fake,21_07__kitchen_pan__K7KXUHMU.mp4
C:\Users\guest user\Desktop\deepfake\data\original\075.mp4,0,real,075.mp4
C:\Users\guest user\Desktop\deepfake\data\Deepfakes\268_269.mp4,1,fake,268_269.mp4
C:\Users\guest user\Desktop\deepfake\data\original\692.mp4,0,real,692.mp4
C:\Users\guest user\Desktop\deepfake\data\Deepfakes\12_07__outside_talking_pan_laughing__KAG65PEE.mp4,1,fake,12_07__outside_talking_pan_laughing__KAG65PEE.mp4
C:\Users\guest user\Desktop\deepfake\data\original\051.mp4,0,real,051.mp4
C:\Users\guest user\Desktop\deepfake\data\Deepfakes\02_12__walking_and_outside_surprised__9D2ZHEKW.mp4,1,fake,02_12__walking_and_outside_surprised__9D2ZHEKW.mp4
C:\Users\guest user\Desktop\deepfake\data\original\546.mp4,0,real,546.mp4
C:\Users\guest user\Desktop\deepfake\data\Deepfakes\897_969.mp4,1,fake,897_969.mp4
C:\Users\guest user\Desktop\deepfake\data\Deepfakes\492_325.mp4,1,fake,492_325.mp4
C:\Users\guest user\Desktop\deepfake\data\Deepfakes\828_830.mp4,1,fake,828_830.mp4
C:\Users\guest user\Desktop\deepfake\data\Deepfakes\27_13__kitchen_still__A1OSUJE9.mp4,1,fake,27_13__kitchen_still__A1OSUJE9.mp4
C:\Users\guest user\Desktop\deepfake\data\Deepfakes\401_395.mp4,1,fake,401_395.mp4
C:\Users\guest user\Desktop\deepfake\data\original\204.mp4,0,real,204.mp4
C:\Users\guest user\Desktop\deepfake\data\original\470.mp4,0,real,470.mp4
C:\Users\guest user\Desktop\deepfake\data\original\363.mp4,0,real,363.mp4
C:\Users\guest user\Desktop\deepfake\data\original\658.mp4,0,real,658.mp4
C:\Users\guest user\Desktop\deepfake\data\Deepfakes\383_353.mp4,1,fake,383_353.mp4
C:\Users\guest user\Desktop\deepfake\data\original\429.mp4,0,real,429.mp4
C:\Users\guest user\Desktop\deepfake\data\Deepfakes\13_03__exit_phone_room__GBYWJW06.mp4,1,fake,13_03__exit_phone_room__GBYWJW06.mp4
C:\Users\guest user\Desktop\deepfake\data\Deepfakes\793_768.mp4,1,fake,793_768.mp4
C:\Users\guest user\Desktop\deepfake\data\Deepfakes\26_20__talking_angry_couch__2VS0S1P5.mp4,1,fake,26_20__talking_angry_couch__2VS0S1P5.mp4
C:\Users\guest user\Desktop\deepfake\data\Deepfakes\17_08__exit_phone_room__CFIY1YEQ.mp4,1,fake,17_08__exit_phone_room__CFIY1YEQ.mp4
C:\Users\guest user\Desktop\deepfake\data\Deepfakes\766_761.mp4,1,fake,766_761.mp4
C:\Users\guest user\Desktop\deepfake\data\original\716.mp4,0,real,716.mp4
C:\Users\guest user\Desktop\deepfake\data\Deepfakes\15_06__walking_down_indoor_hall_disgust__QRCD27P8.mp4,1,fake,15_06__walking_down_indoor_hall_disgust__QRCD27P8.mp4
C:\Users\guest user\Desktop\deepfake\data\Deepfakes\798_778.mp4,1,fake,798_778.mp4
C:\Users\guest user\Desktop\deepfake\data\original\052.mp4,0,real,052.mp4
C:\Users\guest user\Desktop\deepfake\data\Deepfakes\06_25__outside_talking_pan_laughing__MI9BDQ7M.mp4,1,fake,06_25__outside_talking_pan_laughing__MI9BDQ7M.mp4
C:\Users\guest user\Desktop\deepfake\data\original\471.mp4,0,real,471.mp4
C:\Users\guest user\Desktop\deepfake\data\Deepfakes\334_318.mp4,1,fake,334_318.mp4
C:\Users\guest user\Desktop\deepfake\data\original\246.mp4,0,real,246.mp4
C:\Users\guest user\Desktop\deepfake\data\original\167.mp4,0,real,167.mp4
C:\Users\guest user\Desktop\deepfake\data\original\656.mp4,0,real,656.mp4
C:\Users\guest user\Desktop\deepfake\data\Deepfakes\26_03__walk_down_hall_angry__WBSXBL82.mp4,1,fake,26_03__walk_down_hall_angry__WBSXBL82.mp4
C:\Users\guest user\Desktop\deepfake\data\original\432.mp4,0,real,432.mp4
C:\Users\guest user\Desktop\deepfake\data\Deepfakes\610_692.mp4,1,fake,610_692.mp4
C:\Users\guest user\Desktop\deepfake\data\original\358.mp4,0,real,358.mp4
C:\Users\guest user\Desktop\deepfake\data\Deepfakes\25_26__walking_outside_cafe_disgusted__7ZRKCFMS.mp4,1,fake,25_26__walking_outside_cafe_disgusted__7ZRKCFMS.mp4
C:\Users\guest user\Desktop\deepfake\data\Deepfakes\14_02__podium_speech_happy__3IUBEKCT.mp4,1,fake,14_02__podium_speech_happy__3IUBEKCT.mp4
C:\Users\guest user\Desktop\deepfake\data\Deepfakes\22_24__walking_down_street_outside_angry__7E3GY85F.mp4,1,fake,22_24__walking_down_street_outside_angry__7E3GY85F.mp4
C:\Users\guest user\Desktop\deepfake\data\Deepfakes\850_764.mp4,1,fake,850_764.mp4
C:\Users\guest user\Desktop\deepfake\data\Deepfakes\096_101.mp4,1,fake,096_101.mp4
C:\Users\guest user\Desktop\deepfake\data\Deepfakes\12_15__walking_and_outside_surprised__N0SRODQD.mp4,1,fake,12_15__walking_and_outside_surprised__N0SRODQD.mp4
C:\Users\guest user\Desktop\deepfake\data\original\288.mp4,0,real,288.mp4
C:\Users\guest user\Desktop\deepfake\data\original\608.mp4,0,real,608.mp4
C:\Users\guest user\Desktop\deepfake\data\Deepfakes\834_852.mp4,1,fake,834_852.mp4
C:\Users\guest user\Desktop\deepfake\data\original\074.mp4,0,real,074.mp4
C:\Users\guest user\Desktop\deepfake\data\original\671.mp4,0,real,671.mp4
C:\Users\guest user\Desktop\deepfake\data\Deepfakes\577_593.mp4,1,fake,577_593.mp4
C:\Users\guest user\Desktop\deepfake\data\Deepfakes\361_448.mp4,1,fake,361_448.mp4
C:\Users\guest user\Desktop\deepfake\data\Deepfakes\829_808.mp4,1,fake,829_808.mp4
C:\Users\guest user\Desktop\deepfake\data\Deepfakes\12_18__outside_talking_pan_laughing__IKH1LBBY.mp4,1,fake,12_18__outside_talking_pan_laughing__IKH1LBBY.mp4
C:\Users\guest user\Desktop\deepfake\data\Deepfakes\037_072.mp4,1,fake,037_072.mp4
C:\Users\guest user\Desktop\deepfake\data\original\006.mp4,0,real,006.mp4
C:\Users\guest user\Desktop\deepfake\data\Deepfakes\723_704.mp4,1,fake,723_704.mp4
C:\Users\guest user\Desktop\deepfake\data\original\146.mp4,0,real,146.mp4
C:\Users\guest user\Desktop\deepfake\data\original\701.mp4,0,real,701.mp4
C:\Users\guest user\Desktop\deepfake\data\Deepfakes\09_13__walk_down_hall_angry__BVZGDFD8.mp4,1,fake,09_13__walk_down_hall_angry__BVZGDFD8.mp4
C:\Users\guest user\Desktop\deepfake\data\Deepfakes\095_053.mp4,1,fake,095_053.mp4
C:\Users\guest user\Desktop\deepfake\data\original\340.mp4,0,real,340.mp4
C:\Users\guest user\Desktop\deepfake\data\original\127.mp4,0,real,127.mp4
C:\Users\guest user\Desktop\deepfake\data\original\059.mp4,0,real,059.mp4
C:\Users\guest user\Desktop\deepfake\data\original\715.mp4,0,real,715.mp4
C:\Users\guest user\Desktop\deepfake\data\original\574.mp4,0,real,574.mp4
C:\Users\guest user\Desktop\deepfake\data\original\039.mp4,0,real,039.mp4
C:\Users\guest user\Desktop\deepfake\data\Deepfakes\628_568.mp4,1,fake,628_568.mp4
C:\Users\guest user\Desktop\deepfake\data\original\994.mp4,0,real,994.mp4
C:\Users\guest user\Desktop\deepfake\data\original\040.mp4,0,real,040.mp4
C:\Users\guest user\Desktop\deepfake\data\Deepfakes\340_341.mp4,1,fake,340_341.mp4
C:\Users\guest user\Desktop\deepfake\data\original\734.mp4,0,real,734.mp4
C:\Users\guest user\Desktop\deepfake\data\original\853.mp4,0,real,853.mp4
C:\Users\guest user\Desktop\deepfake\data\Deepfakes\20_01__walking_and_outside_surprised__6UBMLXK3.mp4,1,fake,20_01__walking_and_outside_surprised__6UBMLXK3.mp4
C:\Users\guest user\Desktop\deepfake\data\original\841.mp4,0,real,841.mp4
C:\Users\guest user\Desktop\deepfake\data\Deepfakes\20_09__outside_talking_still_laughing__98NUQ3E6.mp4,1,fake,20_09__outside_talking_still_laughing__98NUQ3E6.mp4
C:\Users\guest user\Desktop\deepfake\data\Deepfakes\504_502.mp4,1,fake,504_502.mp4
C:\Users\guest user\Desktop\deepfake\data\original\662.mp4,0,real,662.mp4
C:\Users\guest user\Desktop\deepfake\data\Deepfakes\17_16__walk_down_hall_angry__P141P1QH.mp4,1,fake,17_16__walk_down_hall_angry__P141P1QH.mp4
C:\Users\guest user\Desktop\deepfake\data\Deepfakes\19_23__talking_angry_couch__F7U8UY7V.mp4,1,fake,19_23__talking_angry_couch__F7U8UY7V.mp4
C:\Users\guest user\Desktop\deepfake\data\original\620.mp4,0,real,620.mp4
C:\Users\guest user\Desktop\deepfake\data\Deepfakes\10_22__outside_talking_pan_laughing__8YQ2EUQP.mp4,1,fake,10_22__outside_talking_pan_laughing__8YQ2EUQP.mp4
C:\Users\guest user\Desktop\deepfake\data\original\271.mp4,0,real,271.mp4
C:\Users\guest user\Desktop\deepfake\data\original\721.mp4,0,real,721.mp4
C:\Users\guest user\Desktop\deepfake\data\Deepfakes\414_385.mp4,1,fake,414_385.mp4
C:\Users\guest user\Desktop\deepfake\data\Deepfakes\14_20__walking_and_outside_surprised__B014BKVO.mp4,1,fake,14_20__walking_and_outside_surprised__B014BKVO.mp4
C:\Users\guest user\Desktop\deepfake\data\Deepfakes\04_13__secret_conversation__00T3UYOR.mp4,1,fake,04_13__secret_conversation__00T3UYOR.mp4
C:\Users\guest user\Desktop\deepfake\data\Deepfakes\14_03__hugging_happy__PLCQJM81.mp4,1,fake,14_03__hugging_happy__PLCQJM81.mp4
C:\Users\guest user\Desktop\deepfake\data\original\684.mp4,0,real,684.mp4
C:\Users\guest user\Desktop\deepfake\data\original\346.mp4,0,real,346.mp4
C:\Users\guest user\Desktop\deepfake\data\original\811.mp4,0,real,811.mp4
C:\Users\guest user\Desktop\deepfake\data\Deepfakes\424_408.mp4,1,fake,424_408.mp4
C:\Users\guest user\Desktop\deepfake\data\Deepfakes\923_023.mp4,1,fake,923_023.mp4
C:\Users\guest user\Desktop\deepfake\data\Deepfakes\10_22__kitchen_pan__PUJR4HJ1.mp4,1,fake,10_22__kitchen_pan__PUJR4HJ1.mp4
C:\Users\guest user\Desktop\deepfake\data\original\413.mp4,0,real,413.mp4
C:\Users\guest user\Desktop\deepfake\data\Deepfakes\917_924.mp4,1,fake,917_924.mp4
C:\Users\guest user\Desktop\deepfake\data\original\735.mp4,0,real,735.mp4
C:\Users\guest user\Desktop\deepfake\data\original\640.mp4,0,real,640.mp4
C:\Users\guest user\Desktop\deepfake\data\Deepfakes\03_26__walk_down_hall_angry__WBSXBL82.mp4,1,fake,03_26__walk_down_hall_angry__WBSXBL82.mp4
C:\Users\guest user\Desktop\deepfake\data\Deepfakes\26_09__walk_down_hall_angry__XXGYLT82.mp4,1,fake,26_09__walk_down_hall_angry__XXGYLT82.mp4
C:\Users\guest user\Desktop\deepfake\data\original\751.mp4,0,real,751.mp4
C:\Users\guest user\Desktop\deepfake\data\Deepfakes\08_28__outside_talking_pan_laughing__8BC35RFU.mp4,1,fake,08_28__outside_talking_pan_laughing__8BC35RFU.mp4
C:\Users\guest user\Desktop\deepfake\data\Deepfakes\011_805.mp4,1,fake,011_805.mp4
C:\Users\guest user\Desktop\deepfake\data\Deepfakes\390_709.mp4,1,fake,390_709.mp4
C:\Users\guest user\Desktop\deepfake\data\original\240.mp4,0,real,240.mp4
C:\Users\guest user\Desktop\deepfake\data\original\603.mp4,0,real,603.mp4
C:\Users\guest user\Desktop\deepfake\data\Deepfakes\439_441.mp4,1,fake,439_441.mp4
C:\Users\guest user\Desktop\deepfake\data\original\966.mp4,0,real,966.mp4
C:\Users\guest user\Desktop\deepfake\data\Deepfakes\03_27__walk_down_hall_angry__IL675GCI.mp4,1,fake,03_27__walk_down_hall_angry__IL675GCI.mp4
C:\Users\guest user\Desktop\deepfake\data\original\686.mp4,0,real,686.mp4
C:\Users\guest user\Desktop\deepfake\data\original\405.mp4,0,real,405.mp4
C:\Users\guest user\Desktop\deepfake\data\Deepfakes\732_691.mp4,1,fake,732_691.mp4
C:\Users\guest user\Desktop\deepfake\data\original\161.mp4,0,real,161.mp4
C:\Users\guest user\Desktop\deepfake\data\original\314.mp4,0,real,314.mp4
C:\Users\guest user\Desktop\deepfake\data\original\672.mp4,0,real,672.mp4
C:\Users\guest user\Desktop\deepfake\data\original\128.mp4,0,real,128.mp4
C:\Users\guest user\Desktop\deepfake\data\original\416.mp4,0,real,416.mp4
C:\Users\guest user\Desktop\deepfake\data\Deepfakes\17_08__walking_down_indoor_hall_disgust__JZYRLJ8T.mp4,1,fake,17_08__walking_down_indoor_hall_disgust__JZYRLJ8T.mp4
C:\Users\guest user\Desktop\deepfake\data\original\990.mp4,0,real,990.mp4
C:\Users\guest user\Desktop\deepfake\data\Deepfakes\092_098.mp4,1,fake,092_098.mp4
C:\Users\guest user\Desktop\deepfake\data\original\754.mp4,0,real,754.mp4
C:\Users\guest user\Desktop\deepfake\data\original\243.mp4,0,real,243.mp4
C:\Users\guest user\Desktop\deepfake\data\original\518.mp4,0,real,518.mp4
C:\Users\guest user\Desktop\deepfake\data\original\517.mp4,0,real,517.mp4
C:\Users\guest user\Desktop\deepfake\data\Deepfakes\18_27__walking_outside_cafe_disgusted__NYHE8D0J.mp4,1,fake,18_27__walking_outside_cafe_disgusted__NYHE8D0J.mp4
C:\Users\guest user\Desktop\deepfake\data\original\478.mp4,0,real,478.mp4
C:\Users\guest user\Desktop\deepfake\data\Deepfakes\13_09__outside_talking_still_laughing__30N46VHZ.mp4,1,fake,13_09__outside_talking_still_laughing__30N46VHZ.mp4
C:\Users\guest user\Desktop\deepfake\data\Deepfakes\814_871.mp4,1,fake,814_871.mp4
C:\Users\guest user\Desktop\deepfake\data\Deepfakes\714_842.mp4,1,fake,714_842.mp4
C:\Users\guest user\Desktop\deepfake\data\Deepfakes\204_230.mp4,1,fake,204_230.mp4
C:\Users\guest user\Desktop\deepfake\data\original\540.mp4,0,real,540.mp4
C:\Users\guest user\Desktop\deepfake\data\original\746.mp4,0,real,746.mp4
C:\Users\guest user\Desktop\deepfake\data\Deepfakes\576_155.mp4,1,fake,576_155.mp4
C:\Users\guest user\Desktop\deepfake\data\original\134.mp4,0,real,134.mp4
C:\Users\guest user\Desktop\deepfake\data\original\519.mp4,0,real,519.mp4
C:\Users\guest user\Desktop\deepfake\data\Deepfakes\07_15__walking_down_street_outside_angry__NYPO7U50.mp4,1,fake,07_15__walking_down_street_outside_angry__NYPO7U50.mp4
C:\Users\guest user\Desktop\deepfake\data\Deepfakes\141_161.mp4,1,fake,141_161.mp4
C:\Users\guest user\Desktop\deepfake\data\Deepfakes\853_863.mp4,1,fake,853_863.mp4
C:\Users\guest user\Desktop\deepfake\data\original\977.mp4,0,real,977.mp4
C:\Users\guest user\Desktop\deepfake\data\Deepfakes\06_07__kitchen_pan__NMGYPBXE.mp4,1,fake,06_07__kitchen_pan__NMGYPBXE.mp4
C:\Users\guest user\Desktop\deepfake\data\Deepfakes\01_11__talking_against_wall__9229VVZ3.mp4,1,fake,01_11__talking_against_wall__9229VVZ3.mp4
C:\Users\guest user\Desktop\deepfake\data\Deepfakes\921_569.mp4,1,fake,921_569.mp4
C:\Users\guest user\Desktop\deepfake\data\Deepfakes\558_583.mp4,1,fake,558_583.mp4
C:\Users\guest user\Desktop\deepfake\data\Deepfakes\13_12__talking_against_wall__2TM4IFSF.mp4,1,fake,13_12__talking_against_wall__2TM4IFSF.mp4
C:\Users\guest user\Desktop\deepfake\data\original\093.mp4,0,real,093.mp4
C:\Users\guest user\Desktop\deepfake\data\Deepfakes\14_06__secret_conversation__8U9ULZDT.mp4,1,fake,14_06__secret_conversation__8U9ULZDT.mp4
C:\Users\guest user\Desktop\deepfake\data\Deepfakes\537_563.mp4,1,fake,537_563.mp4
C:\Users\guest user\Desktop\deepfake\data\original\421.mp4,0,real,421.mp4
C:\Users\guest user\Desktop\deepfake\data\original\104.mp4,0,real,104.mp4
C:\Users\guest user\Desktop\deepfake\data\original\230.mp4,0,real,230.mp4
C:\Users\guest user\Desktop\deepfake\data\original\904.mp4,0,real,904.mp4
C:\Users\guest user\Desktop\deepfake\data\original\253.mp4,0,real,253.mp4
C:\Users\guest user\Desktop\deepfake\data\Deepfakes\543_559.mp4,1,fake,543_559.mp4
C:\Users\guest user\Desktop\deepfake\data\Deepfakes\742_775.mp4,1,fake,742_775.mp4
C:\Users\guest user\Desktop\deepfake\data\original\252.mp4,0,real,252.mp4
C:\Users\guest user\Desktop\deepfake\data\Deepfakes\609_596.mp4,1,fake,609_596.mp4
C:\Users\guest user\Desktop\deepfake\data\Deepfakes\391_406.mp4,1,fake,391_406.mp4
C:\Users\guest user\Desktop\deepfake\data\original\784.mp4,0,real,784.mp4
C:\Users\guest user\Desktop\deepfake\data\original\884.mp4,0,real,884.mp4
C:\Users\guest user\Desktop\deepfake\data\Deepfakes\760_611.mp4,1,fake,760_611.mp4
C:\Users\guest user\Desktop\deepfake\data\original\677.mp4,0,real,677.mp4
C:\Users\guest user\Desktop\deepfake\data\Deepfakes\01_11__meeting_serious__9OM3VE0Y.mp4,1,fake,01_11__meeting_serious__9OM3VE0Y.mp4
C:\Users\guest user\Desktop\deepfake\data\original\390.mp4,0,real,390.mp4
C:\Users\guest user\Desktop\deepfake\data\original\698.mp4,0,real,698.mp4
C:\Users\guest user\Desktop\deepfake\data\Deepfakes\18_14__outside_talking_still_laughing__6SB2BR0A.mp4,1,fake,18_14__outside_talking_still_laughing__6SB2BR0A.mp4
C:\Users\guest user\Desktop\deepfake\data\Deepfakes\187_234.mp4,1,fake,187_234.mp4
C:\Users\guest user\Desktop\deepfake\data\Deepfakes\22_24__kitchen_pan__XL557XC6.mp4,1,fake,22_24__kitchen_pan__XL557XC6.mp4
C:\Users\guest user\Desktop\deepfake\data\original\730.mp4,0,real,730.mp4
C:\Users\guest user\Desktop\deepfake\data\original\551.mp4,0,real,551.mp4
C:\Users\guest user\Desktop\deepfake\data\original\045.mp4,0,real,045.mp4
C:\Users\guest user\Desktop\deepfake\data\original\845.mp4,0,real,845.mp4
C:\Users\guest user\Desktop\deepfake\data\original\520.mp4,0,real,520.mp4
C:\Users\guest user\Desktop\deepfake\data\original\755.mp4,0,real,755.mp4
C:\Users\guest user\Desktop\deepfake\data\original\618.mp4,0,real,618.mp4
C:\Users\guest user\Desktop\deepfake\data\original\242.mp4,0,real,242.mp4
C:\Users\guest user\Desktop\deepfake\data\original\220.mp4,0,real,220.mp4
C:\Users\guest user\Desktop\deepfake\data\Deepfakes\19_10__podium_speech_happy__FFXB67PI.mp4,1,fake,19_10__podium_speech_happy__FFXB67PI.mp4
C:\Users\guest user\Desktop\deepfake\data\original\661.mp4,0,real,661.mp4
C:\Users\guest user\Desktop\deepfake\data\original\956.mp4,0,real,956.mp4
C:\Users\guest user\Desktop\deepfake\data\original\588.mp4,0,real,588.mp4
C:\Users\guest user\Desktop\deepfake\data\Deepfakes\19_24__kitchen_still__GNHYZ84G.mp4,1,fake,19_24__kitchen_still__GNHYZ84G.mp4
C:\Users\guest user\Desktop\deepfake\data\Deepfakes\164_216.mp4,1,fake,164_216.mp4
C:\Users\guest user\Desktop\deepfake\data\original\273.mp4,0,real,273.mp4
C:\Users\guest user\Desktop\deepfake\data\original\133.mp4,0,real,133.mp4
C:\Users\guest user\Desktop\deepfake\data\original\650.mp4,0,real,650.mp4
C:\Users\guest user\Desktop\deepfake\data\original\497.mp4,0,real,497.mp4
C:\Users\guest user\Desktop\deepfake\data\Deepfakes\369_316.mp4,1,fake,369_316.mp4
C:\Users\guest user\Desktop\deepfake\data\Deepfakes\471_455.mp4,1,fake,471_455.mp4
C:\Users\guest user\Desktop\deepfake\data\original\169.mp4,0,real,169.mp4
C:\Users\guest user\Desktop\deepfake\data\original\643.mp4,0,real,643.mp4
C:\Users\guest user\Desktop\deepfake\data\Deepfakes\01_20__kitchen_pan__6UBMLXK3.mp4,1,fake,01_20__kitchen_pan__6UBMLXK3.mp4
C:\Users\guest user\Desktop\deepfake\data\original\828.mp4,0,real,828.mp4
C:\Users\guest user\Desktop\deepfake\data\Deepfakes\15_03__talking_angry_couch__T5SHH2UL.mp4,1,fake,15_03__talking_angry_couch__T5SHH2UL.mp4
C:\Users\guest user\Desktop\deepfake\data\original\927.mp4,0,real,927.mp4
C:\Users\guest user\Desktop\deepfake\data\Deepfakes\18_06__walking_down_street_outside_angry__MVXBDKGB.mp4,1,fake,18_06__walking_down_street_outside_angry__MVXBDKGB.mp4
C:\Users\guest user\Desktop\deepfake\data\original\453.mp4,0,real,453.mp4
C:\Users\guest user\Desktop\deepfake\data\Deepfakes\22_23__kitchen_pan__TU7RHG0S.mp4,1,fake,22_23__kitchen_pan__TU7RHG0S.mp4
C:\Users\guest user\Desktop\deepfake\data\Deepfakes\26_25__walking_down_street_outside_angry__PQ41U3IJ.mp4,1,fake,26_25__walking_down_street_outside_angry__PQ41U3IJ.mp4
C:\Users\guest user\Desktop\deepfake\data\original\492.mp4,0,real,492.mp4
C:\Users\guest user\Desktop\deepfake\data\Deepfakes\01_20__outside_talking_still_laughing__FW94AIMJ.mp4,1,fake,01_20__outside_talking_still_laughing__FW94AIMJ.mp4
C:\Users\guest user\Desktop\deepfake\data\Deepfakes\07_02__talking_against_wall__34PVT42V.mp4,1,fake,07_02__talking_against_wall__34PVT42V.mp4
C:\Users\guest user\Desktop\deepfake\data\original\712.mp4,0,real,712.mp4
C:\Users\guest user\Desktop\deepfake\data\Deepfakes\573_757.mp4,1,fake,573_757.mp4
C:\Users\guest user\Desktop\deepfake\data\original\292.mp4,0,real,292.mp4
C:\Users\guest user\Desktop\deepfake\data\original\072.mp4,0,real,072.mp4
C:\Users\guest user\Desktop\deepfake\data\Deepfakes\12_07__outside_talking_still_laughing__KAG65PEE.mp4,1,fake,12_07__outside_talking_still_laughing__KAG65PEE.mp4
C:\Users\guest user\Desktop\deepfake\data\Deepfakes\03_07__walk_down_hall_angry__6PHZRQ4H.mp4,1,fake,03_07__walk_down_hall_angry__6PHZRQ4H.mp4
C:\Users\guest user\Desktop\deepfake\data\original\141.mp4,0,real,141.mp4
C:\Users\guest user\Desktop\deepfake\data\Deepfakes\02_09__walking_down_street_outside_angry__6KUOFMZW.mp4,1,fake,02_09__walking_down_street_outside_angry__6KUOFMZW.mp4
C:\Users\guest user\Desktop\deepfake\data\original\972.mp4,0,real,972.mp4
C:\Users\guest user\Desktop\deepfake\data\original\762.mp4,0,real,762.mp4
C:\Users\guest user\Desktop\deepfake\data\original\604.mp4,0,real,604.mp4
C:\Users\guest user\Desktop\deepfake\data\Deepfakes\705_707.mp4,1,fake,705_707.mp4
C:\Users\guest user\Desktop\deepfake\data\Deepfakes\11_06__outside_talking_pan_laughing__C8C4FW99.mp4,1,fake,11_06__outside_talking_pan_laughing__C8C4FW99.mp4
C:\Users\guest user\Desktop\deepfake\data\Deepfakes\669_682.mp4,1,fake,669_682.mp4
C:\Users\guest user\Desktop\deepfake\data\original\960.mp4,0,real,960.mp4
C:\Users\guest user\Desktop\deepfake\data\original\699.mp4,0,real,699.mp4
C:\Users\guest user\Desktop\deepfake\data\original\725.mp4,0,real,725.mp4
C:\Users\guest user\Desktop\deepfake\data\Deepfakes\19_24__kitchen_pan__QD5K7BP2.mp4,1,fake,19_24__kitchen_pan__QD5K7BP2.mp4
C:\Users\guest user\Desktop\deepfake\data\Deepfakes\01_26__outside_talking_pan_laughing__ZMEJ535O.mp4,1,fake,01_26__outside_talking_pan_laughing__ZMEJ535O.mp4
C:\Users\guest user\Desktop\deepfake\data\Deepfakes\413_372.mp4,1,fake,413_372.mp4
C:\Users\guest user\Desktop\deepfake\data\Deepfakes\14_03__kitchen_still__Q9NSXM88.mp4,1,fake,14_03__kitchen_still__Q9NSXM88.mp4
C:\Users\guest user\Desktop\deepfake\data\Deepfakes\18_14__secret_conversation__HYMNQ00Q.mp4,1,fake,18_14__secret_conversation__HYMNQ00Q.mp4
C:\Users\guest user\Desktop\deepfake\data\Deepfakes\13_02__outside_talking_still_laughing__CP5HFV3K.mp4,1,fake,13_02__outside_talking_still_laughing__CP5HFV3K.mp4
C:\Users\guest user\Desktop\deepfake\data\Deepfakes\286_267.mp4,1,fake,286_267.mp4
C:\Users\guest user\Desktop\deepfake\data\Deepfakes\367_371.mp4,1,fake,367_371.mp4
C:\Users\guest user\Desktop\deepfake\data\original\468.mp4,0,real,468.mp4
C:\Users\guest user\Desktop\deepfake\data\original\244.mp4,0,real,244.mp4
C:\Users\guest user\Desktop\deepfake\data\original\227.mp4,0,real,227.mp4
C:\Users\guest user\Desktop\deepfake\data\original\563.mp4,0,real,563.mp4
C:\Users\guest user\Desktop\deepfake\data\original\348.mp4,0,real,348.mp4
C:\Users\guest user\Desktop\deepfake\data\original\306.mp4,0,real,306.mp4
C:\Users\guest user\Desktop\deepfake\data\Deepfakes\448_361.mp4,1,fake,448_361.mp4
C:\Users\guest user\Desktop\deepfake\data\Deepfakes\18_09__kitchen_still__3VP8836C.mp4,1,fake,18_09__kitchen_still__3VP8836C.mp4
C:\Users\guest user\Desktop\deepfake\data\Deepfakes\079_076.mp4,1,fake,079_076.mp4
C:\Users\guest user\Desktop\deepfake\data\original\433.mp4,0,real,433.mp4
C:\Users\guest user\Desktop\deepfake\data\original\445.mp4,0,real,445.mp4
C:\Users\guest user\Desktop\deepfake\data\original\553.mp4,0,real,553.mp4
C:\Users\guest user\Desktop\deepfake\data\original\700.mp4,0,real,700.mp4
C:\Users\guest user\Desktop\deepfake\data\original\870.mp4,0,real,870.mp4
C:\Users\guest user\Desktop\deepfake\data\Deepfakes\02_25__talking_against_wall__Z7FQ69VP.mp4,1,fake,02_25__talking_against_wall__Z7FQ69VP.mp4
C:\Users\guest user\Desktop\deepfake\data\Deepfakes\530_594.mp4,1,fake,530_594.mp4
C:\Users\guest user\Desktop\deepfake\data\original\168.mp4,0,real,168.mp4
C:\Users\guest user\Desktop\deepfake\data\original\222.mp4,0,real,222.mp4
C:\Users\guest user\Desktop\deepfake\data\original\337.mp4,0,real,337.mp4
C:\Users\guest user\Desktop\deepfake\data\Deepfakes\509_525.mp4,1,fake,509_525.mp4
C:\Users\guest user\Desktop\deepfake\data\original\130.mp4,0,real,130.mp4
C:\Users\guest user\Desktop\deepfake\data\Deepfakes\354_362.mp4,1,fake,354_362.mp4
C:\Users\guest user\Desktop\deepfake\data\Deepfakes\02_21__talking_angry_couch__Z0XHPQAR.mp4,1,fake,02_21__talking_angry_couch__Z0XHPQAR.mp4
C:\Users\guest user\Desktop\deepfake\data\Deepfakes\20_03__walk_down_hall_angry__61SVZ2J7.mp4,1,fake,20_03__walk_down_hall_angry__61SVZ2J7.mp4
C:\Users\guest user\Desktop\deepfake\data\Deepfakes\13_11__podium_speech_happy__XXKQ4XM0.mp4,1,fake,13_11__podium_speech_happy__XXKQ4XM0.mp4
C:\Users\guest user\Desktop\deepfake\data\Deepfakes\570_624.mp4,1,fake,570_624.mp4
C:\Users\guest user\Desktop\deepfake\data\original\669.mp4,0,real,669.mp4
C:\Users\guest user\Desktop\deepfake\data\Deepfakes\332_051.mp4,1,fake,332_051.mp4
C:\Users\guest user\Desktop\deepfake\data\Deepfakes\14_01__outside_talking_still_laughing__01YF7VQM.mp4,1,fake,14_01__outside_talking_still_laughing__01YF7VQM.mp4
C:\Users\guest user\Desktop\deepfake\data\Deepfakes\183_253.mp4,1,fake,183_253.mp4
C:\Users\guest user\Desktop\deepfake\data\Deepfakes\26_04__walking_down_street_outside_angry__WX836VLY.mp4,1,fake,26_04__walking_down_street_outside_angry__WX836VLY.mp4
C:\Users\guest user\Desktop\deepfake\data\Deepfakes\748_355.mp4,1,fake,748_355.mp4
C:\Users\guest user\Desktop\deepfake\data\original\118.mp4,0,real,118.mp4
C:\Users\guest user\Desktop\deepfake\data\original\285.mp4,0,real,285.mp4
C:\Users\guest user\Desktop\deepfake\data\original\633.mp4,0,real,633.mp4
C:\Users\guest user\Desktop\deepfake\data\original\511.mp4,0,real,511.mp4
C:\Users\guest user\Desktop\deepfake\data\Deepfakes\971_564.mp4,1,fake,971_564.mp4
C:\Users\guest user\Desktop\deepfake\data\Deepfakes\070_057.mp4,1,fake,070_057.mp4
C:\Users\guest user\Desktop\deepfake\data\original\908.mp4,0,real,908.mp4
C:\Users\guest user\Desktop\deepfake\data\original\859.mp4,0,real,859.mp4
C:\Users\guest user\Desktop\deepfake\data\original\974.mp4,0,real,974.mp4
C:\Users\guest user\Desktop\deepfake\data\Deepfakes\24_19__walking_down_street_outside_angry__QD5K7BP2.mp4,1,fake,24_19__walking_down_street_outside_angry__QD5K7BP2.mp4
C:\Users\guest user\Desktop\deepfake\data\original\745.mp4,0,real,745.mp4
C:\Users\guest user\Desktop\deepfake\data\original\205.mp4,0,real,205.mp4
C:\Users\guest user\Desktop\deepfake\data\original\481.mp4,0,real,481.mp4
C:\Users\guest user\Desktop\deepfake\data\original\012.mp4,0,real,012.mp4
C:\Users\guest user\Desktop\deepfake\data\original\109.mp4,0,real,109.mp4
C:\Users\guest user\Desktop\deepfake\data\original\728.mp4,0,real,728.mp4
C:\Users\guest user\Desktop\deepfake\data\Deepfakes\05_28__kitchen_still__W3J028UG.mp4,1,fake,05_28__kitchen_still__W3J028UG.mp4
C:\Users\guest user\Desktop\deepfake\data\Deepfakes\128_896.mp4,1,fake,128_896.mp4
C:\Users\guest user\Desktop\deepfake\data\Deepfakes\212_179.mp4,1,fake,212_179.mp4
C:\Users\guest user\Desktop\deepfake\data\Deepfakes\14_06__walking_and_outside_surprised__8U9ULZDT.mp4,1,fake,14_06__walking_and_outside_surprised__8U9ULZDT.mp4
C:\Users\guest user\Desktop\deepfake\data\Deepfakes\051_332.mp4,1,fake,051_332.mp4
C:\Users\guest user\Desktop\deepfake\data\original\881.mp4,0,real,881.mp4
C:\Users\guest user\Desktop\deepfake\data\Deepfakes\15_07__kitchen_still__9Z2MLKVX.mp4,1,fake,15_07__kitchen_still__9Z2MLKVX.mp4
C:\Users\guest user\Desktop\deepfake\data\original\332.mp4,0,real,332.mp4
C:\Users\guest user\Desktop\deepfake\data\original\422.mp4,0,real,422.mp4
C:\Users\guest user\Desktop\deepfake\data\Deepfakes\253_183.mp4,1,fake,253_183.mp4
C:\Users\guest user\Desktop\deepfake\data\Deepfakes\502_504.mp4,1,fake,502_504.mp4
C:\Users\guest user\Desktop\deepfake\data\original\166.mp4,0,real,166.mp4
C:\Users\guest user\Desktop\deepfake\data\original\822.mp4,0,real,822.mp4
C:\Users\guest user\Desktop\deepfake\data\Deepfakes\995_233.mp4,1,fake,995_233.mp4
C:\Users\guest user\Desktop\deepfake\data\Deepfakes\03_15__podium_speech_happy__DG8ITQO3.mp4,1,fake,03_15__podium_speech_happy__DG8ITQO3.mp4
C:\Users\guest user\Desktop\deepfake\data\Deepfakes\04_26__kitchen_pan__MS2MLJP1.mp4,1,fake,04_26__kitchen_pan__MS2MLJP1.mp4
C:\Users\guest user\Desktop\deepfake\data\original\829.mp4,0,real,829.mp4
C:\Users\guest user\Desktop\deepfake\data\original\773.mp4,0,real,773.mp4
C:\Users\guest user\Desktop\deepfake\data\Deepfakes\421_423.mp4,1,fake,421_423.mp4
C:\Users\guest user\Desktop\deepfake\data\Deepfakes\915_895.mp4,1,fake,915_895.mp4
C:\Users\guest user\Desktop\deepfake\data\Deepfakes\676_776.mp4,1,fake,676_776.mp4
C:\Users\guest user\Desktop\deepfake\data\Deepfakes\07_20__outside_talking_pan_laughing__KV6Q7D6C.mp4,1,fake,07_20__outside_talking_pan_laughing__KV6Q7D6C.mp4
C:\Users\guest user\Desktop\deepfake\data\original\718.mp4,0,real,718.mp4
C:\Users\guest user\Desktop\deepfake\data\original\057.mp4,0,real,057.mp4
C:\Users\guest user\Desktop\deepfake\data\original\098.mp4,0,real,098.mp4
C:\Users\guest user\Desktop\deepfake\data\Deepfakes\12_26__podium_speech_happy__BFBNM8FR.mp4,1,fake,12_26__podium_speech_happy__BFBNM8FR.mp4
C:\Users\guest user\Desktop\deepfake\data\Deepfakes\13_25__exit_phone_room__7YMTAF29.mp4,1,fake,13_25__exit_phone_room__7YMTAF29.mp4
C:\Users\guest user\Desktop\deepfake\data\original\194.mp4,0,real,194.mp4
C:\Users\guest user\Desktop\deepfake\data\original\580.mp4,0,real,580.mp4
C:\Users\guest user\Desktop\deepfake\data\Deepfakes\358_380.mp4,1,fake,358_380.mp4
C:\Users\guest user\Desktop\deepfake\data\original\646.mp4,0,real,646.mp4
C:\Users\guest user\Desktop\deepfake\data\original\796.mp4,0,real,796.mp4
C:\Users\guest user\Desktop\deepfake\data\Deepfakes\24_23__outside_talking_still_laughing__YR5OVD4S.mp4,1,fake,24_23__outside_talking_still_laughing__YR5OVD4S.mp4
C:\Users\guest user\Desktop\deepfake\data\Deepfakes\01_11__talking_against_wall__UQ0BOBNO.mp4,1,fake,01_11__talking_against_wall__UQ0BOBNO.mp4
C:\Users\guest user\Desktop\deepfake\data\Deepfakes\196_310.mp4,1,fake,196_310.mp4
C:\Users\guest user\Desktop\deepfake\data\Deepfakes\727_729.mp4,1,fake,727_729.mp4
C:\Users\guest user\Desktop\deepfake\data\Deepfakes\891_876.mp4,1,fake,891_876.mp4
C:\Users\guest user\Desktop\deepfake\data\Deepfakes\740_796.mp4,1,fake,740_796.mp4
C:\Users\guest user\Desktop\deepfake\data\original\766.mp4,0,real,766.mp4
C:\Users\guest user\Desktop\deepfake\data\Deepfakes\19_10__talking_against_wall__O2IKR6YM.mp4,1,fake,19_10__talking_against_wall__O2IKR6YM.mp4
C:\Users\guest user\Desktop\deepfake\data\original\931.mp4,0,real,931.mp4
C:\Users\guest user\Desktop\deepfake\data\Deepfakes\12_15__outside_talking_still_laughing__RK17XFJ9.mp4,1,fake,12_15__outside_talking_still_laughing__RK17XFJ9.mp4
C:\Users\guest user\Desktop\deepfake\data\original\941.mp4,0,real,941.mp4
C:\Users\guest user\Desktop\deepfake\data\original\997.mp4,0,real,997.mp4
C:\Users\guest user\Desktop\deepfake\data\Deepfakes\192_134.mp4,1,fake,192_134.mp4
C:\Users\guest user\Desktop\deepfake\data\Deepfakes\737_719.mp4,1,fake,737_719.mp4
C:\Users\guest user\Desktop\deepfake\data\original\114.mp4,0,real,114.mp4
C:\Users\guest user\Desktop\deepfake\data\Deepfakes\14_21__exit_phone_room__IRKML4J0.mp4,1,fake,14_21__exit_phone_room__IRKML4J0.mp4
C:\Users\guest user\Desktop\deepfake\data\original\634.mp4,0,real,634.mp4
C:\Users\guest user\Desktop\deepfake\data\Deepfakes\18_26__walk_down_hall_angry__AI94QW74.mp4,1,fake,18_26__walk_down_hall_angry__AI94QW74.mp4
C:\Users\guest user\Desktop\deepfake\data\original\224.mp4,0,real,224.mp4
C:\Users\guest user\Desktop\deepfake\data\original\980.mp4,0,real,980.mp4
C:\Users\guest user\Desktop\deepfake\data\Deepfakes\527_454.mp4,1,fake,527_454.mp4
C:\Users\guest user\Desktop\deepfake\data\original\255.mp4,0,real,255.mp4
C:\Users\guest user\Desktop\deepfake\data\original\954.mp4,0,real,954.mp4
C:\Users\guest user\Desktop\deepfake\data\original\105.mp4,0,real,105.mp4
C:\Users\guest user\Desktop\deepfake\data\original\890.mp4,0,real,890.mp4
C:\Users\guest user\Desktop\deepfake\data\Deepfakes\736_785.mp4,1,fake,736_785.mp4
C:\Users\guest user\Desktop\deepfake\data\Deepfakes\721_715.mp4,1,fake,721_715.mp4
C:\Users\guest user\Desktop\deepfake\data\Deepfakes\26_06__kitchen_still__L5BVR5L9.mp4,1,fake,26_06__kitchen_still__L5BVR5L9.mp4
C:\Users\guest user\Desktop\deepfake\data\Deepfakes\830_828.mp4,1,fake,830_828.mp4
C:\Users\guest user\Desktop\deepfake\data\Deepfakes\03_18__walking_outside_cafe_disgusted__22UBC0BS.mp4,1,fake,03_18__walking_outside_cafe_disgusted__22UBC0BS.mp4
C:\Users\guest user\Desktop\deepfake\data\Deepfakes\221_206.mp4,1,fake,221_206.mp4
C:\Users\guest user\Desktop\deepfake\data\Deepfakes\10_19__walking_down_street_outside_angry__IDX76N5R.mp4,1,fake,10_19__walking_down_street_outside_angry__IDX76N5R.mp4
C:\Users\guest user\Desktop\deepfake\data\original\106.mp4,0,real,106.mp4
C:\Users\guest user\Desktop\deepfake\data\original\218.mp4,0,real,218.mp4
C:\Users\guest user\Desktop\deepfake\data\original\112.mp4,0,real,112.mp4
C:\Users\guest user\Desktop\deepfake\data\original\175.mp4,0,real,175.mp4
C:\Users\guest user\Desktop\deepfake\data\Deepfakes\27_18__kitchen_pan__BSOLX3SI.mp4,1,fake,27_18__kitchen_pan__BSOLX3SI.mp4
C:\Users\guest user\Desktop\deepfake\data\original\667.mp4,0,real,667.mp4
C:\Users\guest user\Desktop\deepfake\data\original\886.mp4,0,real,886.mp4
C:\Users\guest user\Desktop\deepfake\data\Deepfakes\12_06__podium_speech_happy__0VR4Y891.mp4,1,fake,12_06__podium_speech_happy__0VR4Y891.mp4
C:\Users\guest user\Desktop\deepfake\data\original\555.mp4,0,real,555.mp4
C:\Users\guest user\Desktop\deepfake\data\Deepfakes\10_19__outside_talking_still_laughing__O2IKR6YM.mp4,1,fake,10_19__outside_talking_still_laughing__O2IKR6YM.mp4
C:\Users\guest user\Desktop\deepfake\data\Deepfakes\27_01__walking_outside_cafe_disgusted__ZYCZ30C0.mp4,1,fake,27_01__walking_outside_cafe_disgusted__ZYCZ30C0.mp4
C:\Users\guest user\Desktop\deepfake\data\Deepfakes\881_856.mp4,1,fake,881_856.mp4
C:\Users\guest user\Desktop\deepfake\data\Deepfakes\991_064.mp4,1,fake,991_064.mp4
C:\Users\guest user\Desktop\deepfake\data\original\785.mp4,0,real,785.mp4
C:\Users\guest user\Desktop\deepfake\data\Deepfakes\27_01__walking_outside_cafe_disgusted__S2YCUY48.mp4,1,fake,27_01__walking_outside_cafe_disgusted__S2YCUY48.mp4
C:\Users\guest user\Desktop\deepfake\data\original\936.mp4,0,real,936.mp4
C:\Users\guest user\Desktop\deepfake\data\original\767.mp4,0,real,767.mp4
C:\Users\guest user\Desktop\deepfake\data\original\152.mp4,0,real,152.mp4
C:\Users\guest user\Desktop\deepfake\data\Deepfakes\425_485.mp4,1,fake,425_485.mp4
C:\Users\guest user\Desktop\deepfake\data\Deepfakes\27_01__walking_and_outside_surprised__S2YCUY48.mp4,1,fake,27_01__walking_and_outside_surprised__S2YCUY48.mp4
C:\Users\guest user\Desktop\deepfake\data\Deepfakes\663_231.mp4,1,fake,663_231.mp4
C:\Users\guest user\Desktop\deepfake\data\original\566.mp4,0,real,566.mp4
C:\Users\guest user\Desktop\deepfake\data\Deepfakes\634_660.mp4,1,fake,634_660.mp4
C:\Users\guest user\Desktop\deepfake\data\Deepfakes\01_27__meeting_serious__ZYCZ30C0.mp4,1,fake,01_27__meeting_serious__ZYCZ30C0.mp4
C:\Users\guest user\Desktop\deepfake\data\original\163.mp4,0,real,163.mp4
C:\Users\guest user\Desktop\deepfake\data\Deepfakes\10_23__outside_talking_pan_laughing__CU6SNBFZ.mp4,1,fake,10_23__outside_talking_pan_laughing__CU6SNBFZ.mp4
C:\Users\guest user\Desktop\deepfake\data\original\874.mp4,0,real,874.mp4
C:\Users\guest user\Desktop\deepfake\data\Deepfakes\951_947.mp4,1,fake,951_947.mp4
C:\Users\guest user\Desktop\deepfake\data\Deepfakes\01_21__walk_down_hall_angry__03X7CELV.mp4,1,fake,01_21__walk_down_hall_angry__03X7CELV.mp4
C:\Users\guest user\Desktop\deepfake\data\original\238.mp4,0,real,238.mp4
C:\Users\guest user\Desktop\deepfake\data\Deepfakes\14_01__kitchen_pan__0S0NS5C6.mp4,1,fake,14_01__kitchen_pan__0S0NS5C6.mp4
C:\Users\guest user\Desktop\deepfake\data\Deepfakes\186_170.mp4,1,fake,186_170.mp4
C:\Users\guest user\Desktop\deepfake\data\Deepfakes\18_26__kitchen_still__UMEX6HWU.mp4,1,fake,18_26__kitchen_still__UMEX6HWU.mp4
C:\Users\guest user\Desktop\deepfake\data\original\545.mp4,0,real,545.mp4
C:\Users\guest user\Desktop\deepfake\data\original\854.mp4,0,real,854.mp4
C:\Users\guest user\Desktop\deepfake\data\original\203.mp4,0,real,203.mp4
C:\Users\guest user\Desktop\deepfake\data\original\448.mp4,0,real,448.mp4
C:\Users\guest user\Desktop\deepfake\data\Deepfakes\359_317.mp4,1,fake,359_317.mp4
C:\Users\guest user\Desktop\deepfake\data\original\015.mp4,0,real,015.mp4
C:\Users\guest user\Desktop\deepfake\data\Deepfakes\13_04__walking_outside_cafe_disgusted__00T3UYOR.mp4,1,fake,13_04__walking_outside_cafe_disgusted__00T3UYOR.mp4
C:\Users\guest user\Desktop\deepfake\data\original\803.mp4,0,real,803.mp4
C:\Users\guest user\Desktop\deepfake\data\original\825.mp4,0,real,825.mp4
C:\Users\guest user\Desktop\deepfake\data\Deepfakes\507_418.mp4,1,fake,507_418.mp4
C:\Users\guest user\Desktop\deepfake\data\original\791.mp4,0,real,791.mp4
C:\Users\guest user\Desktop\deepfake\data\original\437.mp4,0,real,437.mp4
C:\Users\guest user\Desktop\deepfake\data\Deepfakes\151_225.mp4,1,fake,151_225.mp4
C:\Users\guest user\Desktop\deepfake\data\Deepfakes\373_394.mp4,1,fake,373_394.mp4
C:\Users\guest user\Desktop\deepfake\data\Deepfakes\14_07__walk_down_hall_angry__P9QFO50U.mp4,1,fake,14_07__walk_down_hall_angry__P9QFO50U.mp4
C:\Users\guest user\Desktop\deepfake\data\original\338.mp4,0,real,338.mp4
C:\Users\guest user\Desktop\deepfake\data\original\291.mp4,0,real,291.mp4
C:\Users\guest user\Desktop\deepfake\data\Deepfakes\103_082.mp4,1,fake,103_082.mp4
C:\Users\guest user\Desktop\deepfake\data\Deepfakes\21_03__walking_down_street_outside_angry__YCSEBZO4.mp4,1,fake,21_03__walking_down_street_outside_angry__YCSEBZO4.mp4
C:\Users\guest user\Desktop\deepfake\data\Deepfakes\497_403.mp4,1,fake,497_403.mp4
C:\Users\guest user\Desktop\deepfake\data\original\832.mp4,0,real,832.mp4
C:\Users\guest user\Desktop\deepfake\data\original\982.mp4,0,real,982.mp4
C:\Users\guest user\Desktop\deepfake\data\original\601.mp4,0,real,601.mp4
C:\Users\guest user\Desktop\deepfake\data\Deepfakes\27_25__walking_outside_cafe_disgusted__1KU29EUL.mp4,1,fake,27_25__walking_outside_cafe_disgusted__1KU29EUL.mp4
C:\Users\guest user\Desktop\deepfake\data\Deepfakes\158_379.mp4,1,fake,158_379.mp4
C:\Users\guest user\Desktop\deepfake\data\Deepfakes\531_549.mp4,1,fake,531_549.mp4
C:\Users\guest user\Desktop\deepfake\data\Deepfakes\12_13__secret_conversation__DJ7MF331.mp4,1,fake,12_13__secret_conversation__DJ7MF331.mp4
C:\Users\guest user\Desktop\deepfake\data\Deepfakes\625_650.mp4,1,fake,625_650.mp4
C:\Users\guest user\Desktop\deepfake\data\original\705.mp4,0,real,705.mp4
C:\Users\guest user\Desktop\deepfake\data\Deepfakes\01_11__talking_against_wall__4OJNJLOO.mp4,1,fake,01_11__talking_against_wall__4OJNJLOO.mp4
C:\Users\guest user\Desktop\deepfake\data\original\696.mp4,0,real,696.mp4
C:\Users\guest user\Desktop\deepfake\data\Deepfakes\21_01__kitchen_pan__03X7CELV.mp4,1,fake,21_01__kitchen_pan__03X7CELV.mp4
C:\Users\guest user\Desktop\deepfake\data\original\882.mp4,0,real,882.mp4
C:\Users\guest user\Desktop\deepfake\data\original\992.mp4,0,real,992.mp4
C:\Users\guest user\Desktop\deepfake\data\Deepfakes\666_656.mp4,1,fake,666_656.mp4
C:\Users\guest user\Desktop\deepfake\data\original\724.mp4,0,real,724.mp4
C:\Users\guest user\Desktop\deepfake\data\Deepfakes\03_13__talking_against_wall__GBYWJW06.mp4,1,fake,03_13__talking_against_wall__GBYWJW06.mp4
C:\Users\guest user\Desktop\deepfake\data\Deepfakes\18_25__outside_talking_pan_laughing__AUC0HY5T.mp4,1,fake,18_25__outside_talking_pan_laughing__AUC0HY5T.mp4
C:\Users\guest user\Desktop\deepfake\data\original\087.mp4,0,real,087.mp4
C:\Users\guest user\Desktop\deepfake\data\Deepfakes\360_437.mp4,1,fake,360_437.mp4
C:\Users\guest user\Desktop\deepfake\data\original\570.mp4,0,real,570.mp4
C:\Users\guest user\Desktop\deepfake\data\original\779.mp4,0,real,779.mp4
C:\Users\guest user\Desktop\deepfake\data\original\182.mp4,0,real,182.mp4
C:\Users\guest user\Desktop\deepfake\data\Deepfakes\021_312.mp4,1,fake,021_312.mp4
C:\Users\guest user\Desktop\deepfake\data\Deepfakes\641_662.mp4,1,fake,641_662.mp4
C:\Users\guest user\Desktop\deepfake\data\Deepfakes\19_24__kitchen_pan__NPZW2Z9L.mp4,1,fake,19_24__kitchen_pan__NPZW2Z9L.mp4
C:\Users\guest user\Desktop\deepfake\data\Deepfakes\695_422.mp4,1,fake,695_422.mp4
C:\Users\guest user\Desktop\deepfake\data\Deepfakes\20_15__secret_conversation__99NHTFBM.mp4,1,fake,20_15__secret_conversation__99NHTFBM.mp4
C:\Users\guest user\Desktop\deepfake\data\Deepfakes\540_536.mp4,1,fake,540_536.mp4
C:\Users\guest user\Desktop\deepfake\data\Deepfakes\27_03__podium_speech_happy__72BPN7A1.mp4,1,fake,27_03__podium_speech_happy__72BPN7A1.mp4
C:\Users\guest user\Desktop\deepfake\data\original\562.mp4,0,real,562.mp4
C:\Users\guest user\Desktop\deepfake\data\Deepfakes\305_513.mp4,1,fake,305_513.mp4
C:\Users\guest user\Desktop\deepfake\data\original\906.mp4,0,real,906.mp4
C:\Users\guest user\Desktop\deepfake\data\original\919.mp4,0,real,919.mp4
C:\Users\guest user\Desktop\deepfake\data\Deepfakes\26_25__secret_conversation__0UFFR3U1.mp4,1,fake,26_25__secret_conversation__0UFFR3U1.mp4
C:\Users\guest user\Desktop\deepfake\data\Deepfakes\146_256.mp4,1,fake,146_256.mp4
C:\Users\guest user\Desktop\deepfake\data\original\590.mp4,0,real,590.mp4
C:\Users\guest user\Desktop\deepfake\data\Deepfakes\06_11__walking_and_outside_surprised__C8C4FW99.mp4,1,fake,06_11__walking_and_outside_surprised__C8C4FW99.mp4
C:\Users\guest user\Desktop\deepfake\data\original\096.mp4,0,real,096.mp4
C:\Users\guest user\Desktop\deepfake\data\original\675.mp4,0,real,675.mp4
C:\Users\guest user\Desktop\deepfake\data\original\459.mp4,0,real,459.mp4
C:\Users\guest user\Desktop\deepfake\data\original\441.mp4,0,real,441.mp4
C:\Users\guest user\Desktop\deepfake\data\original\391.mp4,0,real,391.mp4
C:\Users\guest user\Desktop\deepfake\data\Deepfakes\20_21__kitchen_still__ZCB5OMEW.mp4,1,fake,20_21__kitchen_still__ZCB5OMEW.mp4
C:\Users\guest user\Desktop\deepfake\data\Deepfakes\568_628.mp4,1,fake,568_628.mp4
C:\Users\guest user\Desktop\deepfake\data\Deepfakes\01_02__meeting_serious__YVGY8LOK.mp4,1,fake,01_02__meeting_serious__YVGY8LOK.mp4
C:\Users\guest user\Desktop\deepfake\data\original\008.mp4,0,real,008.mp4
C:\Users\guest user\Desktop\deepfake\data\original\025.mp4,0,real,025.mp4
C:\Users\guest user\Desktop\deepfake\data\Deepfakes\536_540.mp4,1,fake,536_540.mp4
C:\Users\guest user\Desktop\deepfake\data\original\196.mp4,0,real,196.mp4
C:\Users\guest user\Desktop\deepfake\data\Deepfakes\474_281.mp4,1,fake,474_281.mp4
C:\Users\guest user\Desktop\deepfake\data\original\541.mp4,0,real,541.mp4
C:\Users\guest user\Desktop\deepfake\data\original\866.mp4,0,real,866.mp4
C:\Users\guest user\Desktop\deepfake\data\original\505.mp4,0,real,505.mp4
C:\Users\guest user\Desktop\deepfake\data\original\296.mp4,0,real,296.mp4
C:\Users\guest user\Desktop\deepfake\data\Deepfakes\05_16__kitchen_still__053HPS1G.mp4,1,fake,05_16__kitchen_still__053HPS1G.mp4
C:\Users\guest user\Desktop\deepfake\data\original\007.mp4,0,real,007.mp4
C:\Users\guest user\Desktop\deepfake\data\original\543.mp4,0,real,543.mp4
C:\Users\guest user\Desktop\deepfake\data\Deepfakes\20_03__hugging_happy__Z6V05FXO.mp4,1,fake,20_03__hugging_happy__Z6V05FXO.mp4
C:\Users\guest user\Desktop\deepfake\data\original\382.mp4,0,real,382.mp4
C:\Users\guest user\Desktop\deepfake\data\Deepfakes\288_321.mp4,1,fake,288_321.mp4
C:\Users\guest user\Desktop\deepfake\data\original\970.mp4,0,real,970.mp4
C:\Users\guest user\Desktop\deepfake\data\Deepfakes\953_974.mp4,1,fake,953_974.mp4
C:\Users\guest user\Desktop\deepfake\data\Deepfakes\538_493.mp4,1,fake,538_493.mp4
C:\Users\guest user\Desktop\deepfake\data\original\747.mp4,0,real,747.mp4
C:\Users\guest user\Desktop\deepfake\data\Deepfakes\20_25__exit_phone_room__M86GQTHK.mp4,1,fake,20_25__exit_phone_room__M86GQTHK.mp4
C:\Users\guest user\Desktop\deepfake\data\Deepfakes\387_311.mp4,1,fake,387_311.mp4
C:\Users\guest user\Desktop\deepfake\data\original\254.mp4,0,real,254.mp4
C:\Users\guest user\Desktop\deepfake\data\original\652.mp4,0,real,652.mp4
C:\Users\guest user\Desktop\deepfake\data\Deepfakes\20_13__kitchen_still__NJEO6L5O.mp4,1,fake,20_13__kitchen_still__NJEO6L5O.mp4
C:\Users\guest user\Desktop\deepfake\data\Deepfakes\02_21__kitchen_pan__Z0XHPQAR.mp4,1,fake,02_21__kitchen_pan__Z0XHPQAR.mp4
C:\Users\guest user\Desktop\deepfake\data\original\689.mp4,0,real,689.mp4
C:\Users\guest user\Desktop\deepfake\data\original\036.mp4,0,real,036.mp4
C:\Users\guest user\Desktop\deepfake\data\Deepfakes\14_18__outside_talking_still_laughing__6SB2BR0A.mp4,1,fake,14_18__outside_talking_still_laughing__6SB2BR0A.mp4
C:\Users\guest user\Desktop\deepfake\data\original\619.mp4,0,real,619.mp4
C:\Users\guest user\Desktop\deepfake\data\original\641.mp4,0,real,641.mp4
C:\Users\guest user\Desktop\deepfake\data\Deepfakes\842_714.mp4,1,fake,842_714.mp4
C:\Users\guest user\Desktop\deepfake\data\Deepfakes\07_03__talking_against_wall__IFSURI9X.mp4,1,fake,07_03__talking_against_wall__IFSURI9X.mp4
C:\Users\guest user\Desktop\deepfake\data\original\749.mp4,0,real,749.mp4
C:\Users\guest user\Desktop\deepfake\data\Deepfakes\02_07__walking_down_street_outside_angry__O4SXNLRL.mp4,1,fake,02_07__walking_down_street_outside_angry__O4SXNLRL.mp4
C:\Users\guest user\Desktop\deepfake\data\Deepfakes\03_06__meeting_serious__83ABVHC3.mp4,1,fake,03_06__meeting_serious__83ABVHC3.mp4
C:\Users\guest user\Desktop\deepfake\data\Deepfakes\845_846.mp4,1,fake,845_846.mp4
C:\Users\guest user\Desktop\deepfake\data\Deepfakes\282_238.mp4,1,fake,282_238.mp4
C:\Users\guest user\Desktop\deepfake\data\original\820.mp4,0,real,820.mp4
C:\Users\guest user\Desktop\deepfake\data\Deepfakes\23_24__kitchen_still__YR5OVD4S.mp4,1,fake,23_24__kitchen_still__YR5OVD4S.mp4
C:\Users\guest user\Desktop\deepfake\data\Deepfakes\18_02__kitchen_still__B95S4G6F.mp4,1,fake,18_02__kitchen_still__B95S4G6F.mp4
C:\Users\guest user\Desktop\deepfake\data\original\863.mp4,0,real,863.mp4
C:\Users\guest user\Desktop\deepfake\data\original\971.mp4,0,real,971.mp4
C:\Users\guest user\Desktop\deepfake\data\original\887.mp4,0,real,887.mp4
C:\Users\guest user\Desktop\deepfake\data\original\111.mp4,0,real,111.mp4
C:\Users\guest user\Desktop\deepfake\data\Deepfakes\255_214.mp4,1,fake,255_214.mp4
C:\Users\guest user\Desktop\deepfake\data\Deepfakes\04_26__walking_outside_cafe_disgusted__MS2MLJP1.mp4,1,fake,04_26__walking_outside_cafe_disgusted__MS2MLJP1.mp4
C:\Users\guest user\Desktop\deepfake\data\original\598.mp4,0,real,598.mp4
C:\Users\guest user\Desktop\deepfake\data\original\408.mp4,0,real,408.mp4
C:\Users\guest user\Desktop\deepfake\data\original\367.mp4,0,real,367.mp4
C:\Users\guest user\Desktop\deepfake\data\Deepfakes\720_672.mp4,1,fake,720_672.mp4
C:\Users\guest user\Desktop\deepfake\data\Deepfakes\266_252.mp4,1,fake,266_252.mp4
C:\Users\guest user\Desktop\deepfake\data\Deepfakes\24_19__walk_down_hall_angry__QD5K7BP2.mp4,1,fake,24_19__walk_down_hall_angry__QD5K7BP2.mp4
C:\Users\guest user\Desktop\deepfake\data\original\591.mp4,0,real,591.mp4
C:\Users\guest user\Desktop\deepfake\data\Deepfakes\583_558.mp4,1,fake,583_558.mp4
C:\Users\guest user\Desktop\deepfake\data\original\889.mp4,0,real,889.mp4
C:\Users\guest user\Desktop\deepfake\data\original\080.mp4,0,real,080.mp4
C:\Users\guest user\Desktop\deepfake\data\Deepfakes\06_27__talking_angry_couch__JOG5PB18.mp4,1,fake,06_27__talking_angry_couch__JOG5PB18.mp4
C:\Users\guest user\Desktop\deepfake\data\original\704.mp4,0,real,704.mp4
C:\Users\guest user\Desktop\deepfake\data\original\815.mp4,0,real,815.mp4
C:\Users\guest user\Desktop\deepfake\data\Deepfakes\326_501.mp4,1,fake,326_501.mp4
C:\Users\guest user\Desktop\deepfake\data\Deepfakes\659_749.mp4,1,fake,659_749.mp4
C:\Users\guest user\Desktop\deepfake\data\original\462.mp4,0,real,462.mp4
C:\Users\guest user\Desktop\deepfake\data\original\389.mp4,0,real,389.mp4
C:\Users\guest user\Desktop\deepfake\data\original\787.mp4,0,real,787.mp4
C:\Users\guest user\Desktop\deepfake\data\original\569.mp4,0,real,569.mp4
C:\Users\guest user\Desktop\deepfake\data\original\676.mp4,0,real,676.mp4
C:\Users\guest user\Desktop\deepfake\data\original\407.mp4,0,real,407.mp4
C:\Users\guest user\Desktop\deepfake\data\original\110.mp4,0,real,110.mp4
C:\Users\guest user\Desktop\deepfake\data\original\248.mp4,0,real,248.mp4
C:\Users\guest user\Desktop\deepfake\data\Deepfakes\25_26__outside_talking_still_laughing__0UFFR3U1.mp4,1,fake,25_26__outside_talking_still_laughing__0UFFR3U1.mp4
C:\Users\guest user\Desktop\deepfake\data\original\913.mp4,0,real,913.mp4
C:\Users\guest user\Desktop\deepfake\data\Deepfakes\06_12__podium_speech_happy__3K21NFNM.mp4,1,fake,06_12__podium_speech_happy__3K21NFNM.mp4
C:\Users\guest user\Desktop\deepfake\data\original\623.mp4,0,real,623.mp4
C:\Users\guest user\Desktop\deepfake\data\Deepfakes\980_992.mp4,1,fake,980_992.mp4
C:\Users\guest user\Desktop\deepfake\data\Deepfakes\16_08__kitchen_still__8Q7JCS95.mp4,1,fake,16_08__kitchen_still__8Q7JCS95.mp4
C:\Users\guest user\Desktop\deepfake\data\Deepfakes\15_03__podium_speech_happy__OY4I7ZU8.mp4,1,fake,15_03__podium_speech_happy__OY4I7ZU8.mp4
C:\Users\guest user\Desktop\deepfake\data\Deepfakes\343_363.mp4,1,fake,343_363.mp4
C:\Users\guest user\Desktop\deepfake\data\Deepfakes\234_187.mp4,1,fake,234_187.mp4
C:\Users\guest user\Desktop\deepfake\data\Deepfakes\819_786.mp4,1,fake,819_786.mp4
C:\Users\guest user\Desktop\deepfake\data\Deepfakes\461_250.mp4,1,fake,461_250.mp4
C:\Users\guest user\Desktop\deepfake\data\original\362.mp4,0,real,362.mp4
C:\Users\guest user\Desktop\deepfake\data\Deepfakes\843_859.mp4,1,fake,843_859.mp4
C:\Users\guest user\Desktop\deepfake\data\original\867.mp4,0,real,867.mp4
C:\Users\guest user\Desktop\deepfake\data\original\159.mp4,0,real,159.mp4
C:\Users\guest user\Desktop\deepfake\data\original\526.mp4,0,real,526.mp4
C:\Users\guest user\Desktop\deepfake\data\original\323.mp4,0,real,323.mp4
C:\Users\guest user\Desktop\deepfake\data\Deepfakes\246_258.mp4,1,fake,246_258.mp4
C:\Users\guest user\Desktop\deepfake\data\Deepfakes\162_330.mp4,1,fake,162_330.mp4
C:\Users\guest user\Desktop\deepfake\data\original\089.mp4,0,real,089.mp4
C:\Users\guest user\Desktop\deepfake\data\original\412.mp4,0,real,412.mp4
C:\Users\guest user\Desktop\deepfake\data\original\117.mp4,0,real,117.mp4
C:\Users\guest user\Desktop\deepfake\data\original\190.mp4,0,real,190.mp4
